yahooId,name,team,position,status,injuryType,depthChart,rawPlayerText
43435,Brock Rechsteiner,NO,WR,SUSP,Suspension,NO,Brock RechsteinerSUSPNo new player Notes NO - WR Sun 1:00 pm @ Det
40093,Cedric Tillman,CLE,WR,Q,Undisclosed,Cle,Cedric TillmanQPlayer Note Cle - WR Sun 1:00 pm @ Jax
33535,Brevin Jordan,HOU,TE,Q,Knee,Hou,Brevin JordanQNo new player Notes Hou - TE Sun 1:00 pm vs Buf
40890,Xavier Legette,CAR,WR,Q,Ankle,Car,Xavier LegetteQNew Player Note Car - WR Sun 1:00 pm vs Chi
40889,Michael Penix Jr.,ATL,QB,Q,Knee - ACL,Atl,Michael Penix Jr.QVideo ForecastNew Player Note Atl - QB Sun 1:00 pm @ Pit
42025,Kyle Monangai,CHI,RB,Q,Knee,Chi,Kyle MonangaiQPlayer Note Chi - RB Sun 1:00 pm @ Car
42027,Caleb Lohner,DEN,TE,Q,Lower Body,Den,Caleb LohnerQNo new player Notes Den - TE Mon 8:15 pm @ KC
43197,Noah Whittington,HOU,RB,Q,Ankle,Hou,Noah WhittingtonQPlayer Note Hou - RB Sun 1:00 pm vs Buf
41885,Jaylin Noel,HOU,WR,Q,Hamstring,Hou,Jaylin NoelQVideo ForecastPlayer Note Hou - WR Sun 1:00 pm vs Buf
42870,Carsen Ryan,CLE,TE,Q,Foot,Cle,Carsen RyanQPlayer Note Cle - TE Sun 1:00 pm @ Jax
40877,Xavier Worthy,KC,WR,Q,Shoulder,KC,Xavier WorthyQVideo ForecastPlayer Note KC - WR Mon 8:15 pm vs Den
31017,Christian Kirk,SF,WR,Q,Calf,SF,Christian KirkQPlayer Note SF - WR Thu 8:35 pm @ LAR
42030,Tez Johnson,TB,WR,Q,Groin,TB,Tez JohnsonQNo new player Notes TB - WR Sun 1:00 pm @ Cin
33512,John Bates,WAS,TE,Q,Hamstring,Was,John BatesQPlayer Note Was - TE Sun 4:25 pm @ Phi
33514,Chuba Hubbard,CAR,RB,Q,Hamstring,Car,Chuba HubbardQVideo ForecastNew Player Note Car - RB Sun 1:00 pm vs Chi
40707,Emanuel Wilson,SEA,RB,Q,Hamstring,Sea,Emanuel WilsonQVideo ForecastPlayer Note Sea - RB Wed 8:20 pm vs NE
42887,Michael Trigg,DAL,TE,Q,Toe,Dal,Michael TriggQPlayer Note Dal - TE Sun 8:20 pm @ NYG
41262,Dayton Wade,BAL,WR,Q,Undisclosed,Bal,Dayton WadeQNo new player Notes Bal - WR Sun 1:00 pm @ Ind
33710,Brandon Smith,PIT,WR,Q,Undisclosed,Pit,Brandon SmithQPlayer Note Pit - WR Sun 1:00 pm vs Atl
42780,Adam Randall,BAL,RB,Q,Undisclosed,Bal,Adam RandallQPlayer Note Bal - RB Sun 1:00 pm @ Ind
42772,Joe Royer,CLE,TE,Q,Personal,Cle,Joe RoyerQPlayer Note Cle - TE Sun 1:00 pm @ Jax
40504,Tyson Bagent,CHI,QB,Q,Hamstring,Chi,Tyson BagentQPlayer Note Chi - QB Sun 1:00 pm @ Car
33991,Breece Hall,NYJ,RB,Q,Groin,NYJ,Breece HallQVideo ForecastNew Player Note NYJ - RB Sun 1:00 pm @ Ten
42747,Skyler Bell,BUF,WR,Q,Lower Body,Buf,Skyler BellQPlayer Note Buf - WR Sun 1:00 pm @ Hou
42727,Brenen Thompson,LAC,WR,Q,Undisclosed,LAC,Brenen ThompsonQNew Player Note LAC - WR Sun 4:25 pm vs Ari
41791,Ashton Jeanty,LV,RB,Q,Ankle,LV,Ashton JeantyQVideo ForecastNew Player Note LV - RB Sun 4:25 pm vs Mia
30275,Jeremy McNichols,WAS,RB,Q,Quadriceps,Was,Jeremy McNicholsQPlayer Note Was - RB Sun 4:25 pm @ Phi
30259,George Kittle,SF,TE,Q,Achilles,SF,George KittleQVideo ForecastPlayer Note SF - TE Thu 8:35 pm @ LAR
34047,Rachaad White,WAS,RB,Q,Calf,Was,Rachaad WhiteQVideo ForecastNew Player Note Was - RB Sun 4:25 pm @ Phi
34061,Danny Gray,PHI,WR,Q,Concussion,Phi,Danny GrayQNo new player Notes Phi - WR Sun 4:25 pm vs Was
34062,Cade Otton,TB,TE,Q,Undisclosed,TB,Cade OttonQVideo ForecastPlayer Note TB - TE Sun 1:00 pm @ Cin
41892,Dont'e Thornton Jr.,LV,WR,Q,Undisclosed,LV,Dont'e Thornton Jr.QNew Player Note LV - WR Sun 4:25 pm vs Mia
31180,Braxton Berrios,NYG,WR,Q,Undisclosed,NYG,Braxton BerriosQVideo ForecastPlayer Note NYG - WR Sun 8:20 pm vs Dal
30218,James Conner,ARI,RB,Q,Foot,Ari,James ConnerQVideo ForecastPlayer Note Ari - RB Sun 4:25 pm @ LAC
41969,Ollie Gordon II,MIA,RB,Q,Ribs,Mia,Ollie Gordon IIQPlayer Note Mia - RB Sun 4:25 pm @ LV
41031,Isaiah Davis,NYJ,RB,Q,Knee,NYJ,Isaiah DavisQPlayer Note NYJ - RB Sun 1:00 pm @ Ten
41033,Rasheen Ali,BAL,RB,Q,Undisclosed,Bal,Rasheen AliQPlayer Note Bal - RB Sun 1:00 pm @ Ind
41045,Bub Means,NO,WR,Q,Hamstring,NO,Bub MeansQPlayer Note NO - WR Sun 1:00 pm @ Det
41046,Anthony Gould,IND,WR,Q,Groin,Ind,Anthony GouldQPlayer Note Ind - WR Sun 1:00 pm vs Bal
41937,DJ Giddens,IND,RB,Q,Hamstring,Ind,DJ GiddensQPlayer Note Ind - RB Sun 1:00 pm vs Bal
41006,Sione Vaki,DET,RB,Q,Back,Det,Sione VakiQPlayer Note Det - RB Sun 1:00 pm vs NO
41003,Theo Johnson,NYG,TE,Q,Undisclosed,NYG,Theo JohnsonQNew Player Note NYG - TE Sun 8:20 pm vs Dal
32704,Michael Pittman Jr.,PIT,WR,Q,Hamstring,Pit,Michael Pittman Jr.QNew Player Note Pit - WR Sun 1:00 pm vs Atl
43085,J. Michael Sturdivant,GB,WR,Q,Concussion,GB,J. Michael SturdivantQNo new player Notes GB - WR Sun 4:25 pm @ Min
41952,Tory Horton,SEA,WR,Q,Undisclosed,Sea,Tory HortonQPlayer Note Sea - WR Wed 8:20 pm vs NE
32231,Jakobi Meyers,JAX,WR,Q,Hand,Jax,Jakobi MeyersQVideo ForecastPlayer Note Jax - WR Sun 1:00 pm vs Cle
41933,Jordan James,SF,RB,Q,Ribs,SF,Jordan JamesQPlayer Note SF - RB Thu 8:35 pm @ LAR
32018,Ty Johnson,BUF,RB,Q,Lower Leg,Buf,Ty JohnsonQNew Player Note Buf - RB Sun 1:00 pm @ Hou
41064,Jawhar Jordan,HOU,RB,Q,Hip,Hou,Jawhar JordanQNo new player Notes Hou - RB Sun 1:00 pm vs Buf
42018,Phil Mafah,DAL,RB,Q,Chest,Dal,Phil MafahQPlayer Note Dal - RB Sun 8:20 pm @ NYG
40090,Marvin Mims Jr.,DEN,WR,Q,Undisclosed,Den,Marvin Mims Jr.QVideo ForecastPlayer Note Den - WR Mon 8:15 pm @ KC
41972,Devin Neal,NO,RB,Q,Hamstring,NO,Devin NealQPlayer Note NO - RB Sun 1:00 pm @ Det
41986,Kalel Mullings,TEN,RB,Q,Hip,Ten,Kalel MullingsQNo new player Notes Ten - RB Sun 1:00 pm vs NYJ
40954,Jalen McMillan,TB,WR,Q,Knee,TB,Jalen McMillanQPlayer Note TB - WR Sun 1:00 pm @ Cin
31896,DK Metcalf,PIT,WR,Q,Undisclosed,Pit,DK MetcalfQVideo ForecastNew Player Note Pit - WR Sun 1:00 pm vs Atl
42006,Moliki Matavao,NO,TE,Q,Knee,NO,Moliki MatavaoQPlayer Note NO - TE Sun 1:00 pm @ Det
42007,LeQuint Allen Jr.,JAX,RB,Q,Undisclosed,Jax,LeQuint Allen Jr.QPlayer Note Jax - RB Sun 1:00 pm vs Cle
40911,Keon Coleman,BUF,WR,Q,Foot,Buf,Keon ColemanQVideo ForecastPlayer Note Buf - WR Sun 1:00 pm @ Hou
42904,Haynes King,CAR,QB,Q,Hamstring,Car,Haynes KingQVideo ForecastNo new player Notes Car - QB Sun 1:00 pm vs Chi
31856,Josh Jacobs,GB,RB,Q,Groin,GB,Josh JacobsQVideo ForecastNew Player Note GB - RB Sun 4:25 pm @ Min
43164,Chase Curtis,NYJ,TE,Q,Knee,NYJ,Chase CurtisQPlayer Note NYJ - TE Sun 1:00 pm @ Ten
40905,J.J. McCarthy,MIN,QB,Q,Undisclosed,Min,J.J. McCarthyQVideo ForecastPlayer Note Min - QB Sun 4:25 pm vs GB
42010,Jacory Croskey-Merritt,WAS,RB,Q,Undisclosed,Was,Jacory Croskey-MerrittQVideo ForecastNew Player Note Was - RB Sun 4:25 pm @ Phi
40899,Malik Nabers,NYG,WR,Q,Knee - ACL,NYG,Malik NabersQVideo ForecastNew Player Note NYG - WR Sun 8:20 pm vs Dal
41840,Tre' Harris,LAC,WR,Q,Undisclosed,LAC,Tre' HarrisQPlayer Note LAC - WR Sun 4:25 pm vs Ari
41019,Audric Estime,NO,RB,Q,Ankle,NO,Audric EstimeQNew Player Note NO - RB Sun 1:00 pm @ Det
40335,Ben Sims,MIA,TE,Q,Undisclosed,Mia,Ben SimsQNo new player Notes Mia - TE Sun 4:25 pm @ LV
28390,Marcus Mariota,WAS,QB,Q,Knee - MCL,Was,Marcus MariotaQPlayer Note Was - QB Sun 4:25 pm @ Phi
42638,Kenyon Sadiq,NYJ,TE,Q,Abdomen,NYJ,Kenyon SadiqQNew Player Note NYJ - TE Sun 1:00 pm @ Ten
40226,Elijah Higgins,ARI,TE,Q,Concussion,Ari,Elijah HigginsQPlayer Note Ari - TE Sun 4:25 pm @ LAC
34154,Grant Calcaterra,PHI,TE,Q,Back,Phi,Grant CalcaterraQPlayer Note Phi - TE Sun 4:25 pm vs Was
42625,Jeremiyah Love,ARI,RB,Q,Ankle,Ari,Jeremiyah LoveQVideo ForecastNew Player Note Ari - RB Sun 4:25 pm @ LAC
42201,Da'Quan Felton,NYJ,WR,Q,Undisclosed,NYJ,Da'Quan FeltonQNo new player Notes NYJ - WR Sun 1:00 pm @ Ten
34207,Isiah Pacheco,DET,RB,Q,Knee - MCL,Det,Isiah PachecoQVideo ForecastNo new player Notes Det - RB Sun 1:00 pm vs NO
41824,Luther Burden III,CHI,WR,Q,Groin,Chi,Luther Burden IIIQVideo ForecastPlayer Note Chi - WR Sun 1:00 pm @ Car
41823,TreVeyon Henderson,NE,RB,Q,Lower Leg,NE,TreVeyon HendersonQVideo ForecastNew Player Note NE - RB Wed 8:20 pm @ Sea
34378,Britain Covey,PHI,WR,Q,Hamstring,Phi,Britain CoveyQNo new player Notes Phi - WR Sun 4:25 pm vs Was
41821,Quinshon Judkins,CLE,RB,Q,Undisclosed,Cle,Quinshon JudkinsQVideo ForecastNew Player Note Cle - RB Sun 1:00 pm @ Jax
40168,Puka Nacua,LAR,WR,Q,Groin,LAR,Puka NacuaQVideo ForecastNew Player Note LAR - WR Thu 8:35 pm vs SF
40164,Davis Allen,LAR,TE,Q,Quadriceps,LAR,Davis AllenQPlayer Note LAR - TE Thu 8:35 pm vs SF
41480,British Brooks,HOU,RB,Q,Hand,Hou,British BrooksQNo new player Notes Hou - RB Sun 1:00 pm vs Buf
34125,Ty Chandler,NO,RB,Q,Knee,NO,Ty ChandlerQNew Player Note NO - RB Sun 1:00 pm @ Det
34592,Dennis Houston,TB,WR,Q,Groin,TB,Dennis HoustonQPlayer Note TB - WR Sun 1:00 pm @ Cin
40128,Jalin Hyatt,NYG,WR,Q,Leg,NYG,Jalin HyattQPlayer Note NYG - WR Sun 8:20 pm vs Dal
27535,Mike Evans,SF,WR,Q,Quadriceps,SF,Mike EvansQVideo ForecastNew Player Note SF - WR Thu 8:35 pm @ LAR
26753,Kyle Juszczyk,SF,RB,Q,Finger,SF,Kyle JuszczykQNo new player Notes SF - RB Thu 8:35 pm @ LAR
42284,Lan Larison,NE,RB,Q,Undisclosed,NE,Lan LarisonQNew Player Note NE - RB Wed 8:20 pm @ Sea
41804,Emeka Egbuka,TB,WR,Q,Toe,TB,Emeka EgbukaQVideo ForecastPlayer Note TB - WR Sun 1:00 pm @ Cin
40051,Quentin Johnston,LAC,WR,Q,Lower Body,LAC,Quentin JohnstonQVideo ForecastPlayer Note LAC - WR Sun 4:25 pm vs Ari
40102,Tucker Kraft,GB,TE,Q,Knee - ACL,GB,Tucker KraftQVideo ForecastPlayer Note GB - TE Sun 4:25 pm @ Min
41661,Jabari Small,DET,RB,Q,Concussion,Det,Jabari SmallQPlayer Note Det - RB Sun 1:00 pm vs NO
41799,Tyler Warren,IND,TE,Q,Groin,Ind,Tyler WarrenQVideo ForecastPlayer Note Ind - TE Sun 1:00 pm vs Bal
40097,Tank Dell,HOU,WR,Q,Knee - ACL + MCL,Hou,Tank DellQVideo ForecastPlayer Note Hou - WR Sun 1:00 pm vs Buf
40064,Sam LaPorta,DET,TE,Q,Hip,Det,Sam LaPortaQVideo ForecastPlayer Note Det - TE Sun 1:00 pm vs NO
40234,Parker Washington,JAX,WR,Q,Undisclosed,Jax,Parker WashingtonQVideo ForecastPlayer Note Jax - WR Sun 1:00 pm vs Cle
40180,Will Mallory,IND,TE,Q,Thumb,Ind,Will MalloryQPlayer Note Ind - TE Sun 1:00 pm vs Bal
34104,Khalil Shakir,BUF,WR,Q,Undisclosed,Buf,Khalil ShakirQVideo ForecastPlayer Note Buf - WR Sun 1:00 pm @ Hou
30180,Alvin Kamara,NO,RB,Q,Knee - MCL,NO,Alvin KamaraQVideo ForecastPlayer Note NO - RB Sun 1:00 pm @ Det
42676,Eli Stowers,PHI,TE,Q,Hamstring,Phi,Eli StowersQNew Player Note Phi - TE Sun 4:25 pm vs Was
30115,Mitchell Trubisky,TEN,QB,Q,Biceps,Ten,Mitchell TrubiskyQPlayer Note Ten - QB Sun 1:00 pm vs NYJ
30121,Christian McCaffrey,SF,RB,Q,Undisclosed,SF,Christian McCaffreyQVideo ForecastPlayer Note SF - RB Thu 8:35 pm @ LAR
30123,Patrick Mahomes,KC,QB,Q,Knee - ACL,KC,Patrick MahomesQVideo ForecastNew Player Note KC - QB Mon 8:15 pm vs Den
42687,Carson Beck,ARI,QB,Q,Ribs,Ari,Carson BeckQVideo ForecastPlayer Note Ari - QB Sun 4:25 pm @ LAC
42655,De'Zhaun Stribling,SF,WR,Q,Shoulder,SF,De'Zhaun StriblingQVideo ForecastNew Player Note SF - WR Thu 8:35 pm @ LAR
40630,Tyrell Shavers,BUF,WR,PUP,Knee - ACL,Buf,Tyrell ShaversPUP-PNo new player Notes Buf - WR Sun 1:00 pm @ Hou
40998,Isaac Guerendo,SF,RB,PUP,Pectoral,SF,Isaac GuerendoPUP-PNo new player Notes SF - RB Thu 8:35 pm @ LAR
40075,Zach Charbonnet,SEA,RB,PUP,Knee - ACL,Sea,Zach CharbonnetPUP-PVideo ForecastPlayer Note Sea - RB Wed 8:20 pm vs NE
34008,Alec Pierce,IND,WR,PUP,Ankle,Ind,Alec PiercePUP-PVideo ForecastPlayer Note Ind - WR Sun 1:00 pm vs Bal
41188,Mason Tipton,NO,WR,PUP,Leg,NO,Mason TiptonPUP-PNo new player Notes NO - WR Sun 1:00 pm @ Det
40074,Luke Musgrave,GB,TE,PUP,Neck,GB,Luke MusgravePUP-PNo new player Notes GB - TE Sun 4:25 pm @ Min
40959,Tip Reiman,ARI,TE,PUP,Ankle,Ari,Tip ReimanPUP-PPlayer Note Ari - TE Sun 4:25 pm @ LAC
42982,Kaidon Salter,TEN,QB,NA,,Ten,Kaidon SalterNANo new player Notes Ten - QB Sun 1:00 pm vs NYJ
32871,James Proche II,TEN,WR,NA,,Ten,James Proche IINANo new player Notes Ten - WR Sun 1:00 pm vs NYJ
32798,Gabe Davis,BUF,WR,NA,Knee - ACL,Buf,Gabe DavisNANo new player Notes Buf - WR Sun 1:00 pm @ Hou
42274,Bryce Pierre,CAR,TE,NA,,Car,Bryce PierreNANo new player Notes Car - TE Sun 1:00 pm vs Chi
32943,Andre Baccellia,ARI,WR,NA,,Ari,Andre BaccelliaNANo new player Notes Ari - WR Sun 4:25 pm @ LAC
42975,Marcus Burke,TEN,WR,NA,,Ten,Marcus BurkeNANo new player Notes Ten - WR Sun 1:00 pm vs NYJ
7777,Marcedes Lewis,DEN,TE,NA,,Den,Marcedes LewisNANo new player Notes Den - TE Mon 8:15 pm @ KC
42957,Alex Bullock,JAX,WR,NA,Undisclosed,Jax,Alex BullockNANo new player Notes Jax - WR Sun 1:00 pm vs Cle
40445,Malik Heath,ATL,WR,NA,,Atl,Malik HeathNANo new player Notes Atl - WR Sun 1:00 pm @ Pit
42403,Deion Hankins,CHI,RB,NA,,Chi,Deion HankinsNANo new player Notes Chi - RB Sun 1:00 pm @ Car
32736,Antonio Gibson,NE,RB,NA,Knee - ACL,NE,Antonio GibsonNANo new player Notes NE - RB Wed 8:20 pm @ Sea
32785,Harrison Bryant,HOU,TE,NA,Undisclosed,Hou,Harrison BryantNANo new player Notes Hou - TE Sun 1:00 pm vs Buf
42167,Jalin Conyers,MIA,TE,NA,,Mia,Jalin ConyersNANo new player Notes Mia - TE Sun 4:25 pm @ LV
43035,Chamon Metayer,CAR,TE,NA,,Car,Chamon MetayerNANo new player Notes Car - TE Sun 1:00 pm vs Chi
43022,Kobe Prentice,NE,WR,NA,,NE,Kobe PrenticeNANo new player Notes NE - WR Wed 8:20 pm @ Sea
42326,Mario Williams,LAR,WR,NA,Undisclosed,LAR,Mario WilliamsNAPlayer Note LAR - WR Thu 8:35 pm vs SF
40267,Kenny McIntosh,SEA,RB,NA,,Sea,Kenny McIntoshNANo new player Notes Sea - RB Wed 8:20 pm vs NE
42351,Tyrone Broden,SEA,WR,NA,Undisclosed,Sea,Tyrone BrodenNANo new player Notes Sea - WR Wed 8:20 pm vs NE
40263,Colton Dowell,SF,WR,NA,,SF,Colton DowellNANo new player Notes SF - WR Thu 8:35 pm @ LAR
42173,Montrell Johnson Jr.,CAR,RB,NA,,Car,Montrell Johnson Jr.NAPlayer Note Car - RB Sun 1:00 pm vs Chi
33101,Sean McKeon,IND,TE,NA,Undisclosed,Ind,Sean McKeonNAPlayer Note Ind - TE Sun 1:00 pm vs Bal
34030,Desmond Ridder,GB,QB,NA,,GB,Desmond RidderNANo new player Notes GB - QB Sun 4:25 pm @ Min
43004,Jake Retzlaff,SEA,QB,NA,,Sea,Jake RetzlaffNANo new player Notes Sea - QB Wed 8:20 pm vs NE
32722,Cam Akers,SEA,RB,NA,,Sea,Cam AkersNANo new player Notes Sea - RB Wed 8:20 pm vs NE
42290,Gee Scott,NE,WR,NA,Undisclosed,NE,Gee ScottNANo new player Notes NE - WR Wed 8:20 pm @ Sea
43001,Diego Pavia,BAL,QB,NA,,Bal,Diego PaviaNANo new player Notes Bal - QB Sun 1:00 pm @ Ind
42998,Malik Rutherford,ATL,WR,NA,,Atl,Malik RutherfordNANo new player Notes Atl - WR Sun 1:00 pm @ Pit
42991,Noah Short,TB,WR,NA,,TB,Noah ShortNANo new player Notes TB - WR Sun 1:00 pm @ Cin
40958,Trey Benson,ARI,RB,NA,Knee,Ari,Trey BensonNANew Player Note Ari - RB Sun 4:25 pm @ LAC
40676,Ryan Miller,NYG,WR,NA,,NYG,Ryan MillerNANew Player Note NYG - WR Sun 8:20 pm vs Dal
34625,Tucker Fisk,LAC,TE,NA,,LAC,Tucker FiskNANo new player Notes LAC - TE Sun 4:25 pm vs Ari
34169,John FitzPatrick,GB,TE,NA,Achilles,GB,John FitzPatrickNANo new player Notes GB - TE Sun 4:25 pm @ Min
42205,Seth Henigan,IND,QB,NA,,Ind,Seth HeniganNANo new player Notes Ind - QB Sun 1:00 pm vs Bal
33813,DJ Turner,LV,WR,NA,Undisclosed,LV,DJ TurnerNANo new player Notes LV - WR Sun 4:25 pm vs Mia
42880,Jeff Caldwell,KC,WR,NA,Knee,KC,Jeff CaldwellNAPlayer Note KC - WR Mon 8:15 pm vs Den
40570,Deneric Prince,NE,RB,NA,,NE,Deneric PrinceNANo new player Notes NE - RB Wed 8:20 pm @ Sea
42622,Damien Alford,NO,WR,NA,Undisclosed,NO,Damien AlfordNANo new player Notes NO - WR Sun 1:00 pm @ Det
34112,Jerome Ford,WAS,RB,NA,Hamstring,Was,Jerome FordNANew Player Note Was - RB Sun 4:25 pm @ Phi
43051,TJ Harden,SEA,RB,NA,,Sea,TJ HardenNAPlayer Note Sea - RB Wed 8:20 pm vs NE
34158,Michael Woods II,DEN,WR,NA,Leg,Den,Michael Woods IINANo new player Notes Den - WR Mon 8:15 pm @ KC
33932,Sal Cannella,CLE,TE,NA,,Cle,Sal CannellaNANo new player Notes Cle - TE Sun 1:00 pm @ Jax
34157,Keaontay Ingram,KC,RB,NA,,KC,Keaontay IngramNANo new player Notes KC - RB Mon 8:15 pm vs Den
33705,Kenny Yeboah,ARI,TE,NA,Hamstring,Ari,Kenny YeboahNAPlayer Note Ari - TE Sun 4:25 pm @ LAC
40631,Jordan Mims,TEN,RB,NA,,Ten,Jordan MimsNANo new player Notes Ten - RB Sun 1:00 pm vs NYJ
42060,Hal Presley III,KC,WR,NA,,KC,Hal Presley IIINANo new player Notes KC - WR Mon 8:15 pm vs Den
34118,Montrell Washington,NYG,WR,NA,,NYG,Montrell WashingtonNANo new player Notes NYG - WR Sun 8:20 pm vs Dal
42041,Luke Lachey,HOU,TE,NA,Foot,Hou,Luke LacheyNANo new player Notes Hou - TE Sun 1:00 pm vs Buf
40643,Travis Vokolek,ARI,TE,NA,,Ari,Travis VokolekNANo new player Notes Ari - TE Sun 4:25 pm @ LAC
42883,Chandler Morris,TB,QB,NA,,TB,Chandler MorrisNANo new player Notes TB - QB Sun 1:00 pm @ Cin
42885,Dae'Quan Wright,CLE,TE,NA,,Cle,Dae'Quan WrightNAPlayer Note Cle - TE Sun 1:00 pm @ Jax
42938,Luke Wysong,MIN,WR,NA,Undisclosed,Min,Luke WysongNANo new player Notes Min - WR Sun 4:25 pm vs GB
42460,ShunDerrick Powell,PHI,RB,NA,,Phi,ShunDerrick PowellNANo new player Notes Phi - RB Sun 4:25 pm vs Was
33582,Elijah Mitchell,KC,RB,NA,Undisclosed,KC,Elijah MitchellNANo new player Notes KC - RB Mon 8:15 pm vs Den
33349,Kristian Wilkerson,ATL,WR,NA,,Atl,Kristian WilkersonNAPlayer Note Atl - WR Sun 1:00 pm @ Pit
40242,A.T. Perry,DEN,WR,NA,,Den,A.T. PerryNAPlayer Note Den - WR Mon 8:15 pm @ KC
34579,Jalen Virgil,ARI,WR,NA,Undisclosed,Ari,Jalen VirgilNANo new player Notes Ari - WR Sun 4:25 pm @ LAC
40914,Ja'Lynn Polk,NO,WR,NA,Undisclosed,NO,Ja'Lynn PolkNANo new player Notes NO - WR Sun 1:00 pm @ Det
42917,Shaleak Knotts,MIN,WR,NA,,Min,Shaleak KnottsNANo new player Notes Min - WR Sun 4:25 pm vs GB
42912,Kejon Owens,MIN,RB,NA,Illness,Min,Kejon OwensNANo new player Notes Min - RB Sun 4:25 pm vs GB
42482,Ja'Corey Brooks,WAS,WR,NA,Undisclosed,Was,Ja'Corey BrooksNANo new player Notes Was - WR Sun 4:25 pm @ Phi
42214,Ja'Quinden Jackson,PHI,RB,NA,Undisclosed,Phi,Ja'Quinden JacksonNAPlayer Note Phi - RB Sun 4:25 pm vs Was
40529,Bryce Ford-Wheaton,NYG,WR,NA,Achilles,NYG,Bryce Ford-WheatonNANo new player Notes NYG - WR Sun 8:20 pm vs Dal
42900,Kyron Drones,GB,QB,NA,,GB,Kyron DronesNAPlayer Note GB - QB Sun 4:25 pm @ Min
42151,Traeshon Holden,DAL,WR,NA,,Dal,Traeshon HoldenNAPlayer Note Dal - WR Sun 8:20 pm @ NYG
42893,Sawyer Robertson,LV,QB,NA,,LV,Sawyer RobertsonNANo new player Notes LV - QB Sun 4:25 pm vs Mia
42890,Le'Veon Moss,MIA,RB,NA,Undisclosed,Mia,Le'Veon MossNANo new player Notes Mia - RB Sun 4:25 pm @ LV
33444,Dee Eskridge,MIA,WR,NA,,Mia,Dee EskridgeNANo new player Notes Mia - WR Sun 4:25 pm @ LV
40188,Clayton Tune,GB,QB,NA,,GB,Clayton TuneNANo new player Notes GB - QB Sun 4:25 pm @ Min
42100,Bryson Green,ARI,WR,NA,,Ari,Bryson GreenNANo new player Notes Ari - WR Sun 4:25 pm @ LAC
42978,Trent Battle,ATL,RB,NA,,Atl,Trent BattleNANo new player Notes Atl - RB Sun 1:00 pm @ Pit
30571,Anthony Firkser,DET,TE,NA,Leg,Det,Anthony FirkserNANo new player Notes Det - TE Sun 1:00 pm vs NO
43391,Stone Eby,DEN,TE,NA,,Den,Stone EbyNANo new player Notes Den - TE Mon 8:15 pm @ KC
30161,Joe Mixon,HOU,RB,NA,Foot,Hou,Joe MixonNANo new player Notes Hou - RB Sun 1:00 pm vs Buf
43193,Jalen Walthall,NYJ,WR,NA,Undisclosed,NYJ,Jalen WalthallNANo new player Notes NYJ - WR Sun 1:00 pm @ Ten
43192,Sean Brown,DEN,WR,NA,,Den,Sean BrownNANo new player Notes Den - WR Mon 8:15 pm @ KC
43187,Coleman Bennett,CHI,RB,NA,,Chi,Coleman BennettNAPlayer Note Chi - RB Sun 1:00 pm @ Car
30153,Curtis Samuel,BUF,WR,NA,,Buf,Curtis SamuelNANo new player Notes Buf - WR Sun 1:00 pm @ Hou
43185,Desmond Reid,BUF,RB,NA,Undisclosed,Buf,Desmond ReidNANo new player Notes Buf - RB Sun 1:00 pm @ Hou
43376,Le'Meke Brockington,ATL,WR,NA,Undisclosed,Atl,Le'Meke BrockingtonNAPlayer Note Atl - WR Sun 1:00 pm @ Pit
43379,Brandon Frazier,ATL,TE,NA,,Atl,Brandon FrazierNANo new player Notes Atl - TE Sun 1:00 pm @ Pit
41135,John Rhys Plumlee,PIT,WR,NA,,Pit,John Rhys PlumleeNANo new player Notes Pit - WR Sun 1:00 pm vs Atl
31803,John Wolford,MIN,QB,NA,,Min,John WolfordNANo new player Notes Min - QB Sun 4:25 pm vs GB
30175,JuJu Smith-Schuster,NYG,WR,NA,Knee,NYG,JuJu Smith-SchusterNAVideo ForecastPlayer Note NYG - WR Sun 8:20 pm vs Dal
43168,Kevorian Barnes,NYG,RB,NA,,NYG,Kevorian BarnesNANo new player Notes NYG - RB Sun 8:20 pm vs Dal
29441,Jeff Driskel,WAS,QB,NA,,Was,Jeff DriskelNANo new player Notes Was - QB Sun 4:25 pm @ Phi
43166,Mekhi Mews,NO,WR,NA,,NO,Mekhi MewsNANo new player Notes NO - WR Sun 1:00 pm @ Det
43165,Caullin Lacy,NYJ,WR,NA,Undisclosed,NYJ,Caullin LacyNAPlayer Note NYJ - WR Sun 1:00 pm @ Ten
43392,Julius Davis,DEN,RB,NA,,Den,Julius DavisNANo new player Notes Den - RB Mon 8:15 pm @ KC
29399,Tyreek Hill,MIA,WR,NA,Knee - ACL,Mia,Tyreek HillNAPlayer Note Mia - WR Sun 4:25 pm @ LV
43402,E.J. Warner,DEN,QB,NA,,Den,E.J. WarnerNANo new player Notes Den - QB Mon 8:15 pm @ KC
43158,DT Sheffield,NYJ,WR,NA,Undisclosed,NYJ,DT SheffieldNAPlayer Note NYJ - WR Sun 1:00 pm @ Ten
43406,Trent Howland,DEN,RB,NA,,Den,Trent HowlandNANo new player Notes Den - RB Mon 8:15 pm @ KC
31885,Miles Sanders,DAL,RB,NA,,Dal,Miles SandersNANo new player Notes Dal - RB Sun 8:20 pm @ NYG
31104,Chase Edmonds,WAS,RB,NA,,Was,Chase EdmondsNANo new player Notes Was - RB Sun 4:25 pm @ Phi
41226,Isaiah Wooden,LAC,WR,NA,,LAC,Isaiah WoodenNANo new player Notes LAC - WR Sun 4:25 pm vs Ari
31891,Parris Campbell,DAL,WR,NA,Undisclosed,Dal,Parris CampbellNANo new player Notes Dal - WR Sun 8:20 pm @ NYG
30423,Austin Ekeler,WAS,RB,NA,,Was,Austin EkelerNANo new player Notes Was - RB Sun 4:25 pm @ Phi
30614,Taysom Hill,NO,TE,NA,,NO,Taysom HillNANo new player Notes NO - TE Sun 1:00 pm @ Det
43287,Jonathan Brady,LV,WR,NA,,LV,Jonathan BradyNANo new player Notes LV - WR Sun 4:25 pm vs Mia
41275,Lawrence Keys,BUF,WR,NA,Leg,Buf,Lawrence KeysNANo new player Notes Buf - WR Sun 1:00 pm @ Hou
30955,River Cracraft,WAS,WR,NA,Undisclosed,Was,River CracraftNAPlayer Note Was - WR Sun 4:25 pm @ Phi
43329,Jordon Vaughn,IND,RB,NA,,Ind,Jordon VaughnNANo new player Notes Ind - RB Sun 1:00 pm vs Bal
43052,Aaron Anderson,CLE,WR,NA,Undisclosed,Cle,Aaron AndersonNANo new player Notes Cle - WR Sun 1:00 pm @ Jax
43331,Jackson Acker,BUF,RB,NA,,Buf,Jackson AckerNAPlayer Note Buf - RB Sun 1:00 pm @ Hou
43333,Gabriel Benyard,CAR,WR,NA,,Car,Gabriel BenyardNANo new player Notes Car - WR Sun 1:00 pm vs Chi
43339,Lincoln Pare,IND,RB,NA,Undisclosed,Ind,Lincoln PareNANo new player Notes Ind - RB Sun 1:00 pm vs Bal
30352,Noah Brown,LV,WR,NA,,LV,Noah BrownNANew Player Note LV - WR Sun 4:25 pm vs Mia
31090,Will Dissly,LAC,TE,NA,,LAC,Will DisslyNANo new player Notes LAC - TE Sun 4:25 pm vs Ari
31005,Nick Chubb,HOU,RB,NA,,Hou,Nick ChubbNAPlayer Note Hou - RB Sun 1:00 pm vs Buf
30290,Trent Taylor,SF,WR,NA,,SF,Trent TaylorNANo new player Notes SF - WR Thu 8:35 pm @ LAR
43349,Squirrel White,CHI,WR,NA,Undisclosed,Chi,Squirrel WhiteNANo new player Notes Chi - WR Sun 1:00 pm @ Car
30284,Nathan Peterman,ATL,QB,NA,,Atl,Nathan PetermanNANo new player Notes Atl - QB Sun 1:00 pm @ Pit
41234,Michael Wiley,TB,RB,NA,,TB,Michael WileyNAPlayer Note TB - RB Sun 1:00 pm @ Cin
43239,DeShawn Hanika,IND,TE,NA,,Ind,DeShawn HanikaNANo new player Notes Ind - TE Sun 1:00 pm vs Bal
30230,Josh Reynolds,NYJ,WR,NA,,NYJ,Josh ReynoldsNAPlayer Note NYJ - WR Sun 1:00 pm @ Ten
30213,Jonnu Smith,PIT,TE,NA,,Pit,Jonnu SmithNANo new player Notes Pit - TE Sun 1:00 pm vs Atl
30199,Kareem Hunt,KC,RB,NA,,KC,Kareem HuntNANo new player Notes KC - RB Mon 8:15 pm vs Den
43209,Sam Scott,NYJ,RB,NA,Undisclosed,NYJ,Sam ScottNAPlayer Note NYJ - RB Sun 1:00 pm @ Ten
43150,Romello Brinson,DAL,WR,NA,,Dal,Romello BrinsonNANo new player Notes Dal - WR Sun 8:20 pm @ NYG
43408,Tommy Thomas,DEN,WR,NA,,Den,Tommy ThomasNANo new player Notes Den - WR Mon 8:15 pm @ KC
43412,Brett Weaver,DEN,TE,NA,,Den,Brett WeaverNANo new player Notes Den - TE Mon 8:15 pm @ KC
26658,Zach Ertz,WAS,TE,NA,,Was,Zach ErtzNANo new player Notes Was - TE Sun 4:25 pm @ Phi
43110,Al-Jay Henderson,KC,RB,NA,,KC,Al-Jay HendersonNANo new player Notes KC - RB Mon 8:15 pm vs Den
43417,Jordan Nubin,DEN,RB,NA,,Den,Jordan NubinNANo new player Notes Den - RB Mon 8:15 pm @ KC
32019,Juwann Winfree,HOU,WR,NA,,Hou,Juwann WinfreeNANew Player Note Hou - WR Sun 1:00 pm vs Buf
43109,Ademola Faleye,TB,TE,NA,,TB,Ademola FaleyeNANo new player Notes TB - TE Sun 1:00 pm @ Cin
27560,Teddy Bridgewater,TB,QB,NA,Undisclosed,TB,Teddy BridgewaterNANo new player Notes TB - QB Sun 1:00 pm @ Cin
27548,Brandin Cooks,NO,WR,NA,,NO,Brandin CooksNANo new player Notes NO - WR Sun 1:00 pm @ Det
43460,Malick Meiga,CAR,WR,NA,Undisclosed,Car,Malick MeigaNANo new player Notes Car - WR Sun 1:00 pm vs Chi
41556,Baylor Cupp,ARI,TE,NA,,Ari,Baylor CuppNAPlayer Note Ari - TE Sun 4:25 pm @ LAC
43090,Isaiah Jacobs,GB,RB,NA,,GB,Isaiah JacobsNANo new player Notes GB - RB Sun 4:25 pm @ Min
43088,Eni Falayi,GB,TE,NA,,GB,Eni FalayiNANo new player Notes GB - TE Sun 4:25 pm @ Min
31981,Hunter Renfrow,CAR,WR,NA,,Car,Hunter RenfrowNANo new player Notes Car - WR Sun 1:00 pm vs Chi
43087,RJ Maryland,GB,TE,NA,Hamstring,GB,RJ MarylandNANo new player Notes GB - TE Sun 4:25 pm @ Min
43082,Miles Kitselman,DET,TE,NA,Leg,Det,Miles KitselmanNANo new player Notes Det - TE Sun 1:00 pm vs NO
26650,DeAndre Hopkins,BAL,WR,NA,,Bal,DeAndre HopkinsNANo new player Notes Bal - WR Sun 1:00 pm @ Ind
32415,Tyree Jackson,WAS,TE,NA,,Was,Tyree JacksonNANo new player Notes Was - TE Sun 4:25 pm @ Phi
25785,Russell Wilson,NYG,QB,NA,,NYG,Russell WilsonNANo new player Notes NYG - QB Sun 8:20 pm vs Dal
32456,Donald Parham Jr.,PIT,TE,NA,,Pit,Donald Parham Jr.NANo new player Notes Pit - TE Sun 1:00 pm vs Atl
41687,John Jiles,NE,WR,NA,,NE,John JilesNANo new player Notes NE - WR Wed 8:20 pm @ Sea
43478,Justin Jones,SEA,RB,NA,,Sea,Justin JonesNANo new player Notes Sea - RB Wed 8:20 pm vs NE
41713,Terrell Jennings,NE,RB,NA,Undisclosed,NE,Terrell JenningsNAPlayer Note NE - RB Wed 8:20 pm @ Sea
41030,Ainias Smith,CAR,WR,NA,Undisclosed,Car,Ainias SmithNANo new player Notes Car - WR Sun 1:00 pm vs Chi
43111,Ken Seals,KC,QB,NA,,KC,Ken SealsNANo new player Notes KC - QB Mon 8:15 pm vs Den
43328,E.J. Horton,IND,WR,NA,,Ind,E.J. HortonNAPlayer Note Ind - WR Sun 1:00 pm vs Bal
28654,Raheem Mostert,LV,RB,NA,,LV,Raheem MostertNANo new player Notes LV - RB Sun 4:25 pm vs Mia
43432,Kyron Hudson,CHI,WR,NA,Undisclosed,Chi,Kyron HudsonNAPlayer Note Chi - WR Sun 1:00 pm @ Car
28947,DeAndre Carter,CLE,WR,NA,,Cle,DeAndre CarterNANo new player Notes Cle - WR Sun 1:00 pm @ Jax
41098,Brenden Rice,LV,WR,NA,,LV,Brenden RiceNAPlayer Note LV - WR Sun 4:25 pm vs Mia
31932,Will Grier,DAL,QB,NA,Personal,Dal,Will GrierNANo new player Notes Dal - QB Sun 8:20 pm @ NYG
31934,Alexander Mattison,MIA,RB,NA,,Mia,Alexander MattisonNANo new player Notes Mia - RB Sun 4:25 pm @ LV
28638,Trevor Siemian,TEN,QB,NA,,Ten,Trevor SiemianNANo new player Notes Ten - QB Sun 1:00 pm vs NYJ
43441,Mante Morrow,LAC,WR,NA,,LAC,Mante MorrowNANo new player Notes LAC - WR Sun 4:25 pm vs Ari
41411,Joshua Cephus,JAX,WR,NA,,Jax,Joshua CephusNANo new player Notes Jax - WR Sun 1:00 pm vs Cle
43149,Anthony Hankerson,SEA,RB,NA,,Sea,Anthony HankersonNAPlayer Note Sea - RB Wed 8:20 pm vs NE
28457,Tyler Lockett,LV,WR,NA,,LV,Tyler LockettNANo new player Notes LV - WR Sun 4:25 pm vs Mia
41388,Blake Watson,TEN,RB,NA,,Ten,Blake WatsonNAPlayer Note Ten - RB Sun 1:00 pm vs NYJ
43449,Heinrich Haarberg,CAR,TE,NA,,Car,Heinrich HaarbergNANo new player Notes Car - TE Sun 1:00 pm vs Chi
27590,Jimmy Garoppolo,LAR,QB,NA,,LAR,Jimmy GaroppoloNANo new player Notes LAR - QB Thu 8:35 pm vs SF
41065,Jha'Quan Jackson,HOU,WR,NA,,Hou,Jha'Quan JacksonNANo new player Notes Hou - WR Sun 1:00 pm vs Buf
42798,Kendrick Law,DET,WR,IR,Knee - ACL,Det,Kendrick LawIRNo new player Notes Det - WR Sun 1:00 pm vs NO
41675,Brenden Bates,CLE,TE,IR,Undisclosed,Cle,Brenden BatesIRPlayer Note Cle - TE Sun 1:00 pm @ Jax
43424,Kadarius Calloway,TB,RB,IR,Undisclosed,TB,Kadarius CallowayIRPlayer Note TB - RB Sun 1:00 pm @ Cin
33950,Nikola Kalinic,CHI,TE,IR,Knee,Chi,Nikola KalinicIRPlayer Note Chi - TE Sun 1:00 pm @ Car
42620,Carson Towt,IND,TE,IR,Undisclosed,Ind,Carson TowtIRPlayer Note Ind - TE Sun 1:00 pm vs Bal
33891,Jack Stoll,CLE,TE,IR,Undisclosed,Cle,Jack StollIRPlayer Note Cle - TE Sun 1:00 pm @ Jax
42245,Kye Robichaux,DET,RB,IR,Foot,Det,Kye RobichauxIRPlayer Note Det - RB Sun 1:00 pm vs NO
34203,Skylar Thompson,BAL,QB,IR,Undisclosed,Bal,Skylar ThompsonIRNo new player Notes Bal - QB Sun 1:00 pm @ Ind
40452,Jake Bobo,SEA,WR,IR,Knee,Sea,Jake BoboIRPlayer Note Sea - WR Wed 8:20 pm vs NE
42104,Luke Grimm,LAC,WR,IR,Undisclosed,LAC,Luke GrimmIRPlayer Note LAC - WR Sun 4:25 pm vs Ari
34617,Raheem Blackshear,DET,RB,IR,Undisclosed,Det,Raheem BlackshearIRNo new player Notes Det - RB Sun 1:00 pm vs NO
41819,Jayden Higgins,HOU,WR,IR,Knee - ACL,Hou,Jayden HigginsIRVideo ForecastPlayer Note Hou - WR Sun 1:00 pm vs Buf
42705,Chris Brazzell II,CAR,WR,IR,Knee,Car,Chris Brazzell IIIRVideo ForecastNo new player Notes Car - WR Sun 1:00 pm vs Chi
40167,Justin Shorter,LV,WR,IR,Undisclosed,LV,"Justin ShorterIRNo new player Notes LV - WR,TE Sun 4:25 pm vs Mia"
43368,Jimmy Kibble,NE,WR,IR,Undisclosed,NE,Jimmy KibbleIRNo new player Notes NE - WR Wed 8:20 pm @ Sea
42437,Jeremiah Webb,NE,WR,IR,Arm,NE,Jeremiah WebbIRNo new player Notes NE - WR Wed 8:20 pm @ Sea
41502,Cole Burgess,PIT,WR,IR,Undisclosed,Pit,Cole BurgessIRNo new player Notes Pit - WR Sun 1:00 pm vs Atl
43367,Myles Montgomery,NE,RB,IR,Undisclosed,NE,Myles MontgomeryIRNo new player Notes NE - RB Wed 8:20 pm @ Sea
32612,Gunner Olszewski,NYG,WR,IR,Achilles,NYG,Gunner OlszewskiIRNo new player Notes NYG - WR Sun 8:20 pm vs Dal
41066,Tanner McLachlan,SF,TE,IR,Undisclosed,SF,Tanner McLachlanIRNo new player Notes SF - TE Thu 8:35 pm @ LAR
43248,Corey Rucker,LV,WR,IR,Undisclosed,LV,Corey RuckerIRNo new player Notes LV - WR Sun 4:25 pm vs Mia
40874,Dante Miller,NYG,RB,IR,Groin,NYG,Dante MillerIRPlayer Note NYG - RB Sun 8:20 pm vs Dal
41975,Graham Mertz,HOU,QB,IR,Knee - ACL,Hou,Graham MertzIRPlayer Note Hou - QB Sun 1:00 pm vs Buf
33476,Trey Sermon,ATL,RB,IR,Undisclosed,Atl,Trey SermonIRPlayer Note Atl - RB Sun 1:00 pm @ Pit
43116,J. Michael Gyllenborg,KC,TE,IR,Knee,KC,J. Michael GyllenborgIRNo new player Notes KC - TE Mon 8:15 pm vs Den
42847,Jaren Kanak,TEN,TE,IR,Pectoral,Ten,Jaren KanakIRPlayer Note Ten - TE Sun 1:00 pm vs NYJ
31178,Cedrick Wilson Jr.,DET,WR,IR,Knee,Det,Cedrick Wilson Jr.IRPlayer Note Det - WR Sun 1:00 pm vs NO
40778,Princeton Fant,DAL,TE,IR,Knee - ACL + MCL,Dal,Princeton FantIRNo new player Notes Dal - TE Sun 8:20 pm @ NYG
41202,Xavier Weaver,ARI,WR,IR,Concussion,Ari,Xavier WeaverIRNo new player Notes Ari - WR Sun 4:25 pm @ LAC
41961,Robbie Ouzts,SEA,RB,IR,Neck,Sea,"Robbie OuztsIRPlayer Note Sea - RB,TE Wed 8:20 pm vs NE"
43098,Joshua Pitsenberger,HOU,RB,IR,Ankle,Hou,Joshua PitsenbergerIRPlayer Note Hou - RB Sun 1:00 pm vs Buf
43212,Jameson Geers,ARI,TE,IR,Undisclosed,Ari,Jameson GeersIRPlayer Note Ari - TE Sun 4:25 pm @ LAC
40892,Ricky Pearsall,SF,WR,IR,Knee - PCL,SF,Ricky PearsallIRVideo ForecastNo new player Notes SF - WR Thu 8:35 pm @ LAR
40629,Julian Hill,NE,TE,IR,Knee,NE,Julian HillIRNo new player Notes NE - TE Wed 8:20 pm @ Sea
33023,Dan Chisena,CAR,WR,IR,Undisclosed,Car,Dan ChisenaIRNo new player Notes Car - WR Sun 1:00 pm vs Chi
33235,Patrick Taylor Jr.,SF,RB,IR,Undisclosed,SF,Patrick Taylor Jr.IRPlayer Note SF - RB Thu 8:35 pm @ LAR
41261,Chris Collier,LV,RB,IR,Undisclosed,LV,Chris CollierIRNo new player Notes LV - RB Sun 4:25 pm vs Mia
41016,Jamari Thrash,CLE,WR,IR,Undisclosed,Cle,Jamari ThrashIRNo new player Notes Cle - WR Sun 1:00 pm @ Jax
41089,Johnny Wilson,PHI,WR,IR,Knee,Phi,Johnny WilsonIRPlayer Note Phi - WR Sun 4:25 pm vs Was
32695,Brandon Aiyuk,SF,WR,D,Knee - ACL + MCL,SF,Brandon AiyukDNRVideo ForecastNo new player Notes SF - WR Thu 8:35 pm @ LAR
42630,Jordyn Tyson,NO,WR,D,Hamstring,NO,Jordyn TysonDVideo ForecastPlayer Note NO - WR Sun 1:00 pm @ Det