yahooId,name,team,position,status,injuryType,gp,bye,fanPts,preSeasonRank,actualRank,percentRostered,rushAtt,targets,receptions,rushYds,recYds,rushTd,recTd,fortyYdRush,fortyYdRec
40059,Jahmyr Gibbs,DET,RB,,,16,6,300.78,1,1,100,258,81.6,63.8,1241,536,11.5,3.2,2.3,0.7
40055,Bijan Robinson,ATL,RB,,,16,11,298.98,2,2,100,269,88.6,69.2,1250,641,8.6,3.6,2.2,0.7
33393,Ja'Marr Chase,CIN,WR,,,16,6,267.7,3,3,100,3.4,172,118,18.5,1426,0.1,10.1,0,3.3
40168,Puka Nacua,LAR,WR,Q,Groin,15,11,263.76,4,4,100,11.5,153,109,73.8,1433,0.3,8.9,0,3.5
30121,Christian McCaffrey,SF,RB,Q,Undisclosed,15,8,267.7,5,5,100,240,88.1,69.5,950,627,8.5,4.3,0.8,0.2
32711,Jonathan Taylor,IND,RB,,,15,13,260.28,6,6,100,297,45.3,38.3,1378,306,10.5,1.4,2.5,0.1
33500,Amon-Ra St. Brown,DET,WR,,,16,6,253.16,7,7,100,2.1,158,112,11.1,1359,0.1,9.6,0,2.3
40041,Jaxon Smith-Njigba,SEA,WR,,,16,11,256.98,8,8,100,6.7,150,103,37.8,1450,0.1,8.8,0,3.5
34019,James Cook III,BUF,RB,,,16,7,233.61,9,9,100,266,40.2,31.7,1274,267,8.8,1.8,1.8,0.1
32687,CeeDee Lamb,DAL,WR,,,16,14,230.42,10,10,100,2.6,144,96.4,11.8,1301,0.1,8.1,0,2
30972,Saquon Barkley,PHI,RB,,,15,10,223.03,11,11,100,268,50.7,37.1,1144,291,7.8,2.1,2.1,0.1
33996,Kenneth Walker III,KC,RB,,,15,5,218.84,12,12,100,244,49.9,39.2,1070,330,7.8,2,1.2,0.1
41791,Ashton Jeanty,LV,RB,Q,Ankle,14,13,210.39,13,13,100,258,58.7,47.3,1021,328,6.7,2,1.5,0.6
40196,Chase Brown,CIN,RB,,,16,6,226.67,14,14,100,219,73.2,57.6,916,407,8.1,3,0.9,0.2
32692,Justin Jefferson,MIN,WR,,,16,6,223.91,15,15,100,1.9,155,95.2,10.3,1245,0.1,7.9,0,2.9
40118,De'Von Achane,MIA,RB,,,15,6,244.9,16,16,100,228,73.9,59.2,1124,442,6.1,3.6,2.4,0.7
41807,Omarion Hampton,LAC,RB,,,15,7,207.13,17,17,100,222,57.7,45.5,967,312,7.7,1.9,1.1,0.1
29279,Derrick Henry,BAL,RB,,,15,13,230.34,18,18,100,269,23.5,18.5,1324,166,10.9,1,2.3,0.1
33963,Drake London,ATL,WR,,,16,11,223.2,19,19,100,0.3,151,92.6,2,1245,0,8.1,0,2.4
40878,Brock Bowers,LV,TE,,,16,13,181.73,20,20,100,3.2,130,90.2,11.4,950,0,6.5,0,1.3
33477,Nico Collins,HOU,WR,,,15,8,216.82,21,21,100,2.3,133,81.1,13.9,1232,0.1,7.8,0,3.2
34007,George Pickens,DAL,WR,,,16,14,216.79,22,22,100,0.6,127,82,3.4,1247,0,7.8,0,3.3
31883,A.J. Brown,NE,WR,,,15,11,192.5,23,23,100,0.7,121,78,3.5,1064,0.1,7.2,0,2.5
40899,Malik Nabers,NYG,WR,Q,Knee - ACL,14,8,185.77,24,24,99,2.3,129,79.1,8.3,998,0,7,0,2.5
33398,DeVonta Smith,PHI,WR,,,16,10,190.99,25,25,100,0.6,131,82.2,3.4,1070,0,6.8,0,1.9
33966,Chris Olave,NO,WR,,,15,8,197.27,26,26,99,0.7,138,85.1,4.5,1068,0,7.2,0,3
34120,Kyren Williams,LAR,RB,,,16,11,197.77,27,27,99,221,38.6,29.8,994,216,8.7,1.8,0.7,0.1
30977,Josh Allen,BUF,QB,,,16,7,341.92,28,28,100,105,0,0,515,0,8.3,0,0.2,0
34010,Trey McBride,ARI,TE,,,16,14,188.14,29,29,100,0,134,95.6,0,964,0,7.2,0,0.8
32703,Tee Higgins,CIN,WR,,,15,6,182.93,30,30,99,0.7,110,71.2,3.5,1019,0,6.9,0,2.5
40039,Zay Flowers,BAL,WR,,,16,13,208.02,31,31,99,7.5,126,84.4,47.9,1169,0.1,7,0,2.6
33991,Breece Hall,NYJ,RB,Q,Groin,15,13,204,32,32,99,241,45,36.9,1051,325,6,2.2,1.1,0.1
33394,Jaylen Waddle,DEN,WR,,,16,10,182.87,33,33,98,2.2,118,76,16.2,1019,0.1,6.5,0,1.9
42625,Jeremiyah Love,ARI,RB,Q,Ankle,15,14,206.25,34,34,99,203,65.5,51.6,866,455,5.6,2.4,1.3,0.2
33423,Javonte Williams,DAL,RB,,,16,14,197.8,35,35,99,232,44.1,33.5,1014,188,8.6,1.6,0.6,0.1
40084,Rashee Rice,KC,WR,,,15,5,199.92,36,36,99,6.7,136,86.3,45.2,997,0.3,8.1,0,2
41793,Tetairoa McMillan,CAR,WR,,,16,5,184.61,37,37,98,0.7,128,74.8,3.3,1066,0,6.1,0,2.6
41795,Colston Loveland,CHI,TE,,,16,10,161.04,38,38,100,0.3,107,73,1.3,848,0,6.4,0,1.3
40908,Ladd McConkey,LAC,WR,,,16,7,167.71,39,39,97,1.1,116,73.6,6,927,0,6,0,1.8
31856,Josh Jacobs,GB,RB,Q,Groin,14,11,207.21,40,40,99,241,42.8,32.2,993,256,9.7,1.4,1.1,0.1
33965,Garrett Wilson,NYJ,WR,,,16,13,163.22,41,41,97,1.9,128,77.9,8.3,916,0,5,0,1.8
33413,Travis Etienne Jr.,NO,RB,,,15,8,190.4,42,42,97,228,46.4,36.3,939,286,6.1,2,0.9,0.1
41804,Emeka Egbuka,TB,WR,Q,Toe,16,10,168.04,43,43,98,2.1,120,66.5,11.5,938,0,6.3,0,1.9
32705,D'Andre Swift,CHI,RB,,,15,10,182.05,44,44,97,206,44.7,31,927,249,7.2,1,1.1,0.1
31908,Terry McLaurin,WAS,WR,,,16,7,173.47,45,45,96,0.7,114,68.8,3.8,988,0,6.2,0,2.4
41824,Luther Burden III,CHI,WR,Q,Groin,15,10,174.63,46,46,95,8.9,112,71.3,46.3,922,0.1,6.6,0,1.9
41922,Cam Skattebo,NYG,RB,,,15,8,183.53,47,47,98,211,48.3,37.3,884,307,6.3,1.5,0.5,0.1
41799,Tyler Warren,IND,TE,Q,Groin,16,13,161.91,48,48,99,5.5,110,78.7,16.3,836,0.2,6,0,0.2
30994,DJ Moore,BUF,WR,,,16,7,156.03,49,49,96,7.1,101,63.8,29.5,843,0.1,6,0,1.7
31002,Lamar Jackson,BAL,QB,,,15,13,305.39,50,50,100,106,0,0,549,0,3.8,0,0.1,0
41821,Quinshon Judkins,CLE,RB,Q,Undisclosed,15,11,181.63,51,51,95,251,39,29.1,991,204,7,1,0.8,0.1
40901,Rome Odunze,CHI,WR,,,16,10,163.59,52,52,95,0.9,115,60.2,4.3,874,0,7.3,0,1.9
33967,Jameson Williams,DET,WR,,,16,6,162.41,53,53,95,6.7,90.3,57.9,36.8,914,0.2,5.8,0,2.3
31905,David Montgomery,HOU,RB,,,16,8,181.24,54,54,96,218,39.3,30.4,910,234,7.7,1.1,0.3,0.1
33989,Christian Watson,GB,WR,,,15,11,171.35,55,55,95,1.6,99.7,58.7,8.1,966,0.1,7,0,2.5
40234,Parker Washington,JAX,WR,Q,Undisclosed,16,7,165.86,56,56,91,6.5,108,63.1,36.8,874,0,6.1,0,1.4
27581,Davante Adams,LAR,WR,,,15,11,164.32,57,57,96,0,115,62.8,0,826,0,8,0,1.5
40993,Bucky Irving,TB,RB,,,15,10,175.47,58,58,96,212,43.8,33.3,859,275,6,1.8,0.8,0.1
41900,Bhayshul Tuten,JAX,RB,,,16,7,162.21,59,59,94,195,42.3,30,795,231,6.1,1.3,0.8,0.1
27535,Mike Evans,SF,WR,Q,Quadriceps,15,8,166.09,60,60,94,0,112,64.4,0,898,0,6.8,0,2.4
40881,Drake Maye,NE,QB,,,16,11,309.93,61,61,100,85.1,0,0,409,0,3,0,0.1,0
40896,Jayden Daniels,WAS,QB,,,16,7,307.26,62,62,99,118,0,0,618,0,4.5,0,0.3,0
32671,Joe Burrow,CIN,QB,,,15,6,298.95,63,63,100,43.9,0,0,142,0,1.7,0,0,0
42654,Jadarian Price,SEA,RB,,,16,11,167.43,64,64,93,202,26.9,22,860,198,7.1,1,0.3,0.1
32723,Jalen Hurts,PHI,QB,,,16,10,300.51,65,65,99,104,0,0,440,0,7.2,0,0.2,0
41823,TreVeyon Henderson,NE,RB,Q,Lower Leg,16,11,161.1,66,66,94,172,41.9,34.3,777,237,5.6,1.4,1.4,0.1
40102,Tucker Kraft,GB,TE,Q,Knee - ACL,14,11,148.11,67,67,98,1.1,87.5,63.8,4.4,829,0,5.3,0,0.8
33508,Rhamondre Stevenson,NE,RB,,,16,11,157.84,68,68,91,165,40.5,32.3,713,256,5.9,1.6,0.8,0.1
40893,Marvin Harrison Jr.,ARI,WR,,,16,14,145.27,69,69,92,0.3,101,56.4,1.3,816,0,5.6,0,1.8
40064,Sam LaPorta,DET,TE,Q,Hip,15,6,142.43,70,70,98,0.3,93,69.9,1,765,0,5,0,0.8
34447,Jaylen Warren,PIT,RB,,,16,9,162.69,71,71,92,165,48.6,40.2,711,319,5.2,1.7,0.3,0.1
40900,Caleb Williams,CHI,QB,,,16,10,284.1,72,72,98,67.8,0,0,332,0,2,0,0.1,0
40883,Brian Thomas Jr.,JAX,WR,,,16,7,141.3,73,73,90,3.3,96.4,53.3,17.6,777,0.1,5.4,0,2.2
42626,Carnell Tate,TEN,WR,,,16,9,142.96,74,74,91,0.7,111,64.8,3.3,801,0,4.7,0,1.8
32676,Justin Herbert,LAC,QB,,,16,7,279.65,75,75,97,68.3,0,0,333,0,1.9,0,0.1,0
40926,Jonathon Brooks,CAR,RB,,,12,5,144.42,76,76,86,171,35.2,29.3,716,227,5,1.1,0.3,0.1
31896,DK Metcalf,PIT,WR,Q,Undisclosed,16,9,150.3,77,77,91,1.2,103,59,3.3,830,0,5.8,0,2.3
41877,Harold Fannin Jr.,CLE,TE,,,16,11,140.08,78,78,97,6.5,101,71.7,24.5,734,0.1,4.6,0,0.2
31960,Tony Pollard,TEN,RB,,,16,9,146.23,79,79,90,193,38.4,28.2,798,188,4.8,0.9,0.8,0.1
33100,Rico Dowdle,PIT,RB,,,16,9,156.71,80,80,90,182,44.3,32.2,760,239,5.7,1.2,0.3,0.1
33389,Trevor Lawrence,JAX,QB,,,16,7,283.28,81,81,93,67.3,0,0,293,0,3.1,0,0.1,0
29369,Dak Prescott,DAL,QB,,,16,14,297.42,82,82,96,42.9,0,0,156,0,1.4,0,0,0
33392,Kyle Pitts Sr.,ATL,TE,,,16,11,140.98,83,83,97,0,100,70.3,0,775,0,4.6,0,0.8
32725,J.K. Dobbins,DEN,RB,,,14,10,136.43,84,84,87,173,27.5,19.3,761,114,5.7,0.7,0.5,0
40121,Michael Wilson,ARI,WR,,,16,14,134.24,85,85,85,0.3,94.4,58.3,2,755,0,4.6,0,1.7
30197,Chris Godwin Jr.,TB,WR,,,15,10,134.56,86,86,87,0.7,100,63.3,3,723,0,4.9,0,1.1
28534,Stefon Diggs,WAS,WR,,,15,7,126.65,87,87,82,0.3,90.9,59.5,2,681,0,4.6,0,1.1
42010,Jacory Croskey-Merritt,WAS,RB,Q,Undisclosed,16,7,124.03,88,88,81,158,19.9,14.8,703,109,5.3,0.6,0.8,0
42655,De'Zhaun Stribling,SF,WR,Q,Shoulder,16,8,91.47,89,89,54,0.7,61.1,41.8,0,510,0,3.2,0,0.4
40126,Josh Downs,IND,WR,,,16,13,146.79,90,90,85,2.5,101,72.8,13.2,775,0,5.1,0,1.1
40962,Blake Corum,LAR,RB,,,16,11,134.47,91,91,85,166,20.7,16.1,760,100,6.3,0.6,0.5,0
40051,Quentin Johnston,LAC,WR,Q,Lower Body,16,7,124.76,92,92,81,2.2,87,50.5,11.3,672,0,4.9,0,1.6
30259,George Kittle,SF,TE,Q,Achilles,14,8,129.34,93,93,94,0.2,82.1,59.8,0.1,697,0,4.9,0,0.3
40042,Jordan Addison,MIN,WR,,,16,6,132.38,94,94,81,3,87,52.1,28.9,707,0.1,5.1,0,1.6
40063,Jayden Reed,GB,WR,,,16,11,144.96,95,95,81,10.6,88.3,58.6,64.7,769,0.2,5.2,0,1.2
33514,Chuba Hubbard,CAR,RB,Q,Hamstring,16,5,147.06,96,96,88,182,33.5,28.6,741,200,5.1,1.4,0.8,0.1
34218,Brock Purdy,SF,QB,,,15,8,273.52,97,97,90,56,0,0,231,0,1.9,0,0,0
31010,Courtland Sutton,DEN,WR,,,16,10,137.4,98,98,86,0,93.8,55.2,0,747,0,5.7,0,1.2
34008,Alec Pierce,IND,WR,PUP,Ankle,16,13,162.4,99,99,86,0.5,93,55.2,3,936,0,6.3,0,3.1
40875,Bo Nix,DEN,QB,,,16,10,278.25,100,100,91,67.5,0,0,286,0,2.4,0,0,0
34320,Jordan Mason,MIN,RB,,,16,6,135.67,101,101,79,173,24.8,17.5,768,105,6,0.7,0.4,0.1
32704,Michael Pittman Jr.,PIT,WR,Q,Hamstring,16,9,138.49,102,102,80,0.3,108,69.5,2.3,750,0,4.6,0,1.1
41810,Jaxson Dart,NYG,QB,,,16,8,286.17,103,103,92,94,0,0,470,0,4.9,0,0.2,0
42646,KC Concepcion,CLE,WR,,,16,11,123.78,104,104,58,5.2,90.9,56.1,24.2,673,0.1,3.8,0,1.1
41808,Matthew Golden,GB,WR,,,16,11,128.07,105,105,64,7.9,88,53.2,43.4,680,0.1,4.5,0,1.6
40048,Dalton Kincaid,BUF,TE,,,16,7,117.76,106,106,91,0,77.1,55.1,0,657,0,4.1,0,0.2
42642,Makai Lemon,PHI,WR,,,16,10,118.8,107,107,75,0.7,80.6,51,3.3,682,0,4,0,1
42025,Kyle Monangai,CHI,RB,Q,Knee,16,10,147.89,108,108,81,169,29,21.7,758,173,6.3,1.1,0.9,0.1
41845,RJ Harvey,DEN,RB,,,15,10,138.36,109,109,83,124,48.6,41,503,310,3.9,2.4,0.2,0.1
31833,Kyler Murray,MIN,QB,,,15,6,263.64,110,110,78,76,0,0,421,0,2.1,0,0.1,0
34047,Rachaad White,WAS,RB,Q,Calf,16,7,128.22,111,111,70,125,43.6,34.2,536,235,3.8,2,0.4,0.1
41293,Jalen Coker,CAR,WR,,,16,5,122.46,112,112,45,0.3,80.8,55.3,2,689,0,4.1,0,1
9265,Matthew Stafford,LAR,QB,,,16,11,262.19,113,113,91,23.3,0,0,33.1,0,0.2,0,0,0
33538,Kenny Gainwell,TB,RB,,,16,10,141.45,114,114,78,114,57,45.1,485,325,4,2.3,0.2,0.1
40231,Chris Rodriguez Jr.,JAX,RB,,,16,7,111.3,115,115,51,153,15,10.7,651,88.7,5.2,0.3,0.3,0
31019,Dallas Goedert,PHI,TE,,,15,10,118.51,116,116,90,0,84.3,57.3,0,612,0,4.8,0,0.2
30123,Patrick Mahomes,KC,QB,Q,Knee - ACL,16,5,274.83,117,117,89,50.9,0,0,249,0,1.2,0,0.1,0
26686,Travis Kelce,KC,TE,,,15,5,130.17,118,118,93,0.2,97.4,65,0.4,707,0,4.5,0,0.2
29235,Jared Goff,DET,QB,,,16,6,278.98,119,119,83,26.3,0,0,61.6,0,0.7,0,0,0
32231,Jakobi Meyers,JAX,WR,Q,Hand,16,7,132.7,120,120,58,4,99.4,60,15.6,700,0.1,4.9,0,1.7
33998,Wan'Dale Robinson,TEN,WR,,,16,9,133.65,121,121,59,3.1,106,68.8,14.4,741,0,3.8,0,1
34088,Romeo Doubs,NE,WR,,,16,11,118.83,122,122,45,0,81.3,49,0,646,0,4.8,0,1.1
34095,Isaiah Likely,NYG,TE,,,16,8,114.16,123,123,87,0,81,55.2,0,601,0,4.4,0,0.2
42630,Jordyn Tyson,NO,WR,D,Hamstring,11,8,102.1,124,124,70,0.3,63.7,46.8,2,566,0,3.5,0,1
30295,Aaron Jones Sr.,MIN,RB,,,15,6,132.43,125,125,69,138,52.5,36.4,582,270,3.4,1.6,0.2,0.1
40641,Keaton Mitchell,LAC,RB,,,16,7,89.62,126,126,36,97.3,21.5,18.8,446,138,3,0.8,0.1,0
40877,Xavier Worthy,KC,WR,Q,Shoulder,16,5,121.44,127,127,52,14.3,83,47.8,80.4,618,0.7,3.9,0,1.5
31056,Mark Andrews,BAL,TE,,,15,13,129.18,128,128,86,6.4,81.9,57.1,23.5,578,0.4,6.4,0,0.2
34042,Malik Willis,MIA,QB,,,15,6,264.23,129,129,43,99.1,0,0,549,0,4.1,0,0.2,0
32696,Jordan Love,GB,QB,,,16,11,272.56,130,130,62,46.8,0,0,182,0,1.3,0,0,0
34659,Rashid Shaheed,SEA,WR,,,16,11,111.07,131,131,41,9.6,74.2,42,58.5,552,0.3,3.7,0,1.5
30971,Baker Mayfield,TB,QB,,,16,10,255.11,132,132,57,53.2,0,0,265,0,1.3,0,0,0
33113,Juwan Johnson,NO,TE,,,16,8,110.76,133,133,49,0,76.6,54.9,0,615,0,3.6,0,0.2
42661,Denzel Boston,CLE,WR,,,16,11,106.71,134,134,26,0.7,82.8,50.6,4.3,600,0,3.3,0,1.1
40095,Tank Bigsby,PHI,RB,,,16,10,69.17,135,135,28,92.3,8,6.7,416,59.7,3,0.2,0.1,0
41825,Tyler Shough,NO,QB,,,16,8,273.1,136,136,41,71.5,0,0,284,0,3.4,0,0.1,0
40119,Tyjae Spears,TEN,RB,,,16,9,110.52,137,137,30,104,47.3,33.9,418,236,3.2,1.6,0.2,0.1
34107,Tyler Allgeier,ARI,RB,,,16,14,82.89,138,138,41,111,16.8,13.7,444,95.3,3.5,0.3,0.2,0.1
34104,Khalil Shakir,BUF,WR,Q,Undisclosed,16,7,124.51,139,139,39,1.8,88.6,62.4,9.6,657,0,4.1,0,1
42730,Jonah Coleman,DEN,RB,,,16,10,63.1,140,140,25,66.4,13.1,13.3,280,121,2.1,0.7,0,0
40971,MarShawn Lloyd,GB,RB,,,4,11,64.26,141,141,19,76.3,13.7,12.3,315,82.8,2.5,0.6,0.1,0
41902,Woody Marks,HOU,RB,,,16,8,100.84,142,142,36,122,25.1,20.2,482,164,3.4,1.1,0.2,0.1
40075,Zach Charbonnet,SEA,RB,PUP,Knee - ACL,10,11,95.36,143,143,54,104,18.8,15.7,437,113,4.7,0.8,0.4,0.1
26699,Keenan Allen,IND,WR,,,14,13,81.3,144,144,18,0,75.5,40.3,0,445,0,2.7,0,0.4
34085,Jake Ferguson,DAL,TE,,,16,14,119.33,145,145,82,0.4,89.9,66.7,1.5,559,0,5.2,0,0.1
40915,Adonai Mitchell,NYJ,WR,,,16,13,83.4,146,146,13,1.7,62.6,35.3,5.4,466,0,2.9,0,1
31868,Deebo Samuel Sr.,SF,WR,,,15,8,102.34,147,147,47,11.1,68.6,46.7,42,517,0.5,3.4,0,0.9
42744,Mike Washington Jr.,LV,RB,,,16,13,70.73,148,148,41,86.5,21.4,14.2,350,117,2.2,0.6,0.1,0.1
34099,Chig Okonkwo,WAS,TE,,,16,7,98.18,149,149,49,0,75.9,52.7,0,520,0,3.3,0,0.1
40954,Jalen McMillan,TB,WR,Q,Knee,16,10,91.52,150,150,18,3.8,59,37.6,21.8,498,0.1,3.3,0,0.4
34147,Jalen Nailor,LV,WR,,,16,13,99.55,152,152,21,1.7,68.9,40.8,10.2,564,0,3.5,0,1
99001,Travis Hunter,JAX,WR,,,15,7,75.49,153,153,25,2.5,51.5,34.3,10.3,390,0,3,0,0.3
34054,Brian Robinson,ATL,RB,,,16,11,75.86,154,154,21,104,15.6,10.6,435,64.7,3.1,0.3,0.1,0
42796,Emmett Johnson,KC,RB,,,14,5,57.2,155,155,9,61.3,14.9,12.5,258,111,1.8,0.7,0.1,0
30973,Sam Darnold,SEA,QB,,,16,11,242.58,156,156,36,38.2,0,0,128,0,1,0,0,0
31838,Daniel Jones,IND,QB,,,15,13,233.47,157,157,25,46.6,0,0,191,0,1.8,0,0,0
31107,Dalton Schultz,HOU,TE,,,16,8,106.36,158,158,24,0,85.8,57.8,0,561,0,3.6,0,0.2
40078,Brenton Strange,JAX,TE,,,16,7,113.15,159,159,42,0,80.8,54.1,0,608,0,4.2,0,0.2
29269,Hunter Henry,NE,TE,,,16,11,118.92,160,160,57,0,82.8,53.8,0,620,0,5,0,0.3
41048,Tyrone Tracy Jr.,NYG,RB,,,16,8,93.52,161,161,35,118,25.3,20.1,493,159,2.2,1,0.7,0.1
40201,Dontayvion Wicks,PHI,WR,,,15,10,71.06,163,163,8,0.7,49.5,31.1,5.5,397,0,2.5,0,0.4
41087,Ryan Flournoy,DAL,WR,,,16,14,90.65,166,166,8,2.8,57.8,41.3,14.6,495,0.1,3,0,0.8
41935,Jaydon Blue,DAL,RB,,,12,14,60.19,167,167,8,74.1,14.9,11.3,306,77.8,2.3,0.4,0.1,0
40029,Bryce Young,CAR,QB,,,16,5,227.12,169,169,15,46.3,0,0,207,0,1.7,0,0,0
40030,C.J. Stroud,HOU,QB,,,16,8,261.49,170,170,27,52.2,0,0,214,0,1.5,0,0,0
40980,Ray Davis,BUF,RB,,,16,7,65.19,171,171,10,71.8,14.3,12.8,317,104,2.1,0.6,0.1,0
40981,Braelon Allen,NYJ,RB,,,16,13,65.23,172,172,14,75.9,15.8,11.4,308,87.1,2.7,0.6,0.1,0
41860,Pat Bryant,DEN,WR,,,15,10,73.56,173,173,5,0.7,54,33.2,3,403,0,2.7,0,0.3
42773,Cyrus Allen,KC,WR,,,8,5,63.04,174,174,9,0.9,46.2,28.6,2.5,348,0,2.2,0,0.3
30180,Alvin Kamara,NO,RB,Q,Knee - MCL,12,8,71.53,177,177,31,77.4,26.7,22.2,293,147,1.9,1,0,0.1
41001,AJ Barner,SEA,TE,,,16,11,98.56,178,178,18,8,69,48.2,21.4,467,0.5,3.8,0,0.1
41786,Cam Ward,TEN,QB,,,16,9,230.62,179,179,17,42.9,0,0,166,0,1.6,0,0,0
41840,Tre' Harris,LAC,WR,Q,Undisclosed,16,7,86.09,180,180,6,0.9,61.3,37.2,4.2,466,0,3.2,0,0.9
41907,Dylan Sampson,CLE,RB,,,16,11,84.71,181,181,15,80.1,32.5,27.6,304,218,1.8,1.5,0.1,0.1
34207,Isiah Pacheco,DET,RB,Q,Knee - MCL,15,6,76.08,183,183,27,101,17.1,12.8,413,81.4,3.1,0.5,0.1,0
40114,Tre Tucker,LV,WR,,,16,13,91.33,184,184,13,8.1,72,39.5,43.2,488,0.1,2.6,0,0.9
41831,Terrance Ferguson,LAR,TE,,,16,11,80.48,185,185,12,0,48.3,32.5,0,439,0,3.4,0,0.2
42702,Ja'Kobi Lane,BAL,WR,,,16,13,75,186,186,12,0.3,50.9,31.8,2,398,0,3.1,0,0.4
34036,Greg Dulcich,MIA,TE,,,14,6,101.72,189,189,11,0,66.1,48.9,0,548,0,3.7,0,0.2
42763,Nicholas Singleton,TEN,RB,,,15,9,46.96,194,194,6,48.4,8.9,10.3,202,97,1.5,0.7,0,0
42697,Caleb Douglas,MIA,WR,,,16,6,75.71,195,195,5,0.3,60.3,34.2,1.1,416,0,2.7,0,0.4
32685,Jerry Jeudy,CLE,WR,,,16,11,96.24,196,196,13,1,76,42.4,5.2,539,0,3.3,0,0.9
31840,T.J. Hockenson,MIN,TE,,,16,6,104.41,197,197,24,0,83,58.1,0,547,0,3.4,0,0.1
41058,Malik Washington,MIA,WR,,,16,6,93.39,198,198,11,14.4,68.3,44.8,74.4,394,0.5,3.2,0,0.2
41097,Devaughn Vele,NO,WR,,,16,8,78.68,199,199,2,0.3,64.2,35.4,3.3,437,0,2.7,0,0.5
41885,Jaylin Noel,HOU,WR,Q,Hamstring,16,8,74.42,200,200,3,5.3,53.5,32.8,24.3,384,0.1,2.5,0,0.3
42638,Kenyon Sadiq,NYJ,TE,Q,Abdomen,16,13,85.3,201,201,23,0.7,61.8,44.2,2.3,459,0,2.8,0,0.1
42652,Omar Cooper Jr.,NYJ,WR,,,16,13,80.07,204,204,11,1.7,55.9,36.3,6.3,433,0,2.9,0,0.8
42712,Kaelon Black,SF,RB,,,12,8,46.79,205,205,8,56.4,7.3,7.3,231,67.8,2,0.2,0.1,0
32887,Jauan Jennings,MIN,WR,,,16,6,90.66,206,206,13,0,63.7,40.5,0,496,0,3.3,0,1
42820,Demond Claiborne,MIN,RB,,,16,6,27.65,207,207,2,29.3,3.2,6,133,60.5,0.9,0.2,0,0
41951,Oronde Gadsden,LAC,TE,,,16,7,87.58,208,208,28,0,56.4,40.8,0,469,0,3.3,0,0.6
41344,George Holani,SEA,RB,,,12,11,35.93,209,209,2,44.2,8.4,8.2,174,61,1.1,0.3,0.1,0
33412,Najee Harris,NYG,RB,,,14,8,32.94,210,210,4,31.5,11.4,8.8,127,68.5,1.3,0.3,0.1,0
41031,Isaiah Davis,NYJ,RB,Q,Knee,16,13,48.41,214,214,1,43.3,19.1,14.4,191,118,1.5,0.2,0.1,0.1
30996,Calvin Ridley,TEN,WR,,,14,9,71.37,215,215,5,1.1,54.6,27.9,6.1,417,0,2.5,0,0.5
29325,Jacoby Brissett,ARI,QB,,,11,14,194.81,216,216,8,35.1,0,0,138,0,0.9,0,0,0
42623,Fernando Mendoza,LV,QB,,,14,13,182.88,218,218,14,50.2,0,0,183,0,1.8,0,0.1,0
41865,Isaac TeSlaa,DET,WR,,,16,6,75.42,219,219,9,0.7,42.2,28.7,3,398,0,3.3,0,0.8
33415,Rashod Bateman,BAL,WR,,,16,13,79.68,221,221,3,0.3,56.9,32.2,1.3,417,0,3.5,0,0.9
42701,Zachariah Branch,ATL,WR,,,16,11,69.8,222,222,5,4.5,41.6,29.5,10,352,0.2,2.1,0,0.8
41969,Ollie Gordon II,MIA,RB,Q,Ribs,12,6,35.68,225,225,2,43.5,6.9,6.5,171,41.7,1.6,0.3,0.1,0
41905,Gunnar Helm,TEN,TE,,,16,9,87.58,226,226,4,0,68.6,47.7,0,440,0,3.3,0,0.1
30218,James Conner,ARI,RB,Q,Foot,14,14,41.1,228,228,6,44,11.4,9.5,182,75,1.4,0.6,0,0
42809,Kaytron Allen,WAS,RB,,,12,7,43.55,229,229,3,52.3,7.6,7.8,227,72.3,1.6,0.2,0.1,0
42780,Adam Randall,BAL,RB,Q,Undisclosed,12,13,33.95,230,230,1,31.3,8.1,8.3,139,77.5,1.1,0.3,0,0
41843,Jack Bech,LV,WR,,,16,13,58.39,232,232,2,0.3,49.5,28.1,3,327,0,1.8,0,0.3
34005,Tyquan Thornton,KC,WR,,,8,5,58.28,233,233,1,0,38.2,20.2,0,340,0,2.3,0,0.4
33971,Jahan Dotson,ATL,WR,,,12,11,65.02,235,235,1,0.7,51.5,28,5.3,367,0,2.2,0,0.4
42693,Antonio Williams,WAS,WR,,,16,7,56.27,236,236,4,1.6,37,25.7,7.2,306,0,2,0,0.2
40224,Kayshon Boutte,HOU,WR,,,16,8,71.89,237,237,5,0,43.7,28.2,0,412,0,2.6,0,0.9
30182,Cooper Kupp,SEA,WR,,,15,11,69.58,238,238,10,0.3,50.7,31.1,1.1,375,0,2.7,0,0.4
42706,Ted Hurst III,TB,WR,,,12,10,60.22,239,239,2,0.7,49.2,27.9,4.3,335,0,2,0,0.3
42696,Malachi Fields,NYG,WR,,,16,8,59.18,242,242,4,0.3,44.8,26.6,2,328,0,2.1,0,0.3
40742,Sean Tucker,TB,RB,,,16,10,48.65,243,243,3,60.4,8.2,5.9,251,37.9,2.7,0.2,0.1,0
32843,Darnell Mooney,NYG,WR,,,16,8,58.31,244,244,2,1.2,39.1,23,4.5,323,0,2.2,0,0.8
41052,Kimani Vidal,LAC,RB,,,16,7,52.87,250,250,3,56.8,16.4,11.9,236,90.9,1.8,0.6,0.1,0
40097,Tank Dell,HOU,WR,Q,Knee - ACL + MCL,14,8,94.36,252,252,12,3.7,73.1,39.1,19.9,516,0,3.4,0,0.6
26662,Geno Smith,NYJ,QB,,,15,13,202.43,253,253,5,45.2,0,0,159,0,0.9,0,0,0
7200,Aaron Rodgers,PIT,QB,,,12,9,203.62,254,254,10,20.6,0,0,58.6,0,0.3,0,0,0
32675,Tua Tagovailoa,ATL,QB,,,10,11,129.17,255,255,4,15,0,0,35.3,0,0.1,0,0,0
31945,Justice Hill,BAL,RB,,,12,13,59.02,256,256,3,29.1,37.4,26,128,207,0.9,1.2,0,0.1
42859,Seth McGowan,IND,RB,,,12,13,32.42,258,258,1,35.9,7.3,7.6,152,70,0.9,0.2,0.1,0
25812,Kirk Cousins,LV,QB,,,3,13,55.21,260,260,4,8,0,0,15.9,0,0.1,0,0,0
41983,Tahj Brooks,CIN,RB,,,12,6,23.24,261,261,0,29.8,5.1,3.8,113,32.4,1,0.1,0,0
41937,DJ Giddens,IND,RB,Q,Hamstring,12,13,36.89,262,262,1,38.9,11.6,9.2,160,68,1.3,0.3,0.1,0
40889,Michael Penix Jr.,ATL,QB,Q,Knee - ACL,7,11,121.43,263,263,3,16.2,0,0,55.7,0,0.4,0,0,0
42716,Chris Bell,MIA,WR,,,12,6,55.64,264,264,3,0.3,37.3,25.7,1,302,0,2.1,0,0.2
40911,Keon Coleman,BUF,WR,Q,Foot,12,7,60.08,268,268,2,1.4,45.5,25.1,6,314,0,2.5,0,0.3
32803,Colby Parkinson,LAR,TE,,,16,11,60.41,269,269,2,0,38.5,28.6,0,284,0,2.9,0,0.1
41930,Shedeur Sanders,CLE,QB,,,7,11,98.3,270,270,3,21.4,0,0,86.1,0,0.9,0,0,0
42669,Germie Bernard,PIT,WR,,,16,9,70.59,271,271,3,2.4,53.7,32.2,6.2,388,0,2.3,0,0.8
34084,Charlie Kolar,LAC,TE,,,16,7,45.16,272,272,0,0.3,30.8,21.1,0.7,247,0,1.6,0,0.1
34062,Cade Otton,TB,TE,Q,Undisclosed,16,10,84.5,273,273,3,0,70.4,46.6,0,455,0,2.6,0,0.1
40890,Xavier Legette,CAR,WR,Q,Ankle,14,5,60.18,276,276,1,1.3,46.9,27.9,6.3,312,0,2.4,0,0.3
42758,Bryce Lance,NO,WR,,,14,8,32.9,278,278,0,0,23.3,16,0,191,0,0.9,0,0.2
41010,Jaylen Wright,MIA,RB,,,12,6,46.48,279,279,2,56.3,11.4,8.5,239,63.8,1.8,0.2,0.1,0
32003,Darius Slayton,NYG,WR,,,16,8,56.72,280,280,1,0.6,42.8,22.9,2.3,325,0,2,0,0.8
40707,Emanuel Wilson,SEA,RB,Q,Hamstring,16,11,40.96,281,281,2,47.4,13.4,9.5,193,67.2,1.5,0.2,0.1,0
42676,Eli Stowers,PHI,TE,Q,Hamstring,16,10,54.02,282,282,2,1.9,30.1,25.7,6.8,273,0,2.2,0,0
33443,Pat Freiermuth,PIT,TE,,,16,9,97.11,283,283,7,0,68.4,47.5,0,516,0,3.6,0,0.2
42717,Eli Raridon,NE,TE,,,16,11,33.5,285,285,1,0,20,17.7,0,180,0,1.1,0,0.1
40094,Darnell Washington,PIT,TE,,,16,9,61.61,286,286,1,0,43.8,29.6,0,321,0,2.5,0,0.1
28592,Darren Waller,CAR,TE,,,14,5,83.2,287,287,2,0,58.3,39.4,0,441,0,3.2,0,0.1
29344,Tyler Higbee,LAR,TE,,,15,11,34.35,288,288,1,0,24.3,17.5,0,183,0,1.2,0,0.1
30142,David Njoku,LAC,TE,,,15,7,46.17,289,289,6,0,31.8,23.5,0,221,0,2,0,0.1
42018,Phil Mafah,DAL,RB,Q,Chest,8,14,14.56,290,290,0,18.4,3.7,2.9,77,22.3,0.5,0,0,0
33973,Treylon Burks,WAS,WR,,,14,7,37.54,291,291,0,1.3,28.5,16.2,6,205,0,1.3,0,0.3
40108,Kendre Miller,NO,RB,,,4,8,18.59,292,292,1,25.1,5.8,3.9,98.3,28.1,0.6,0.1,0.1,0
30227,Samaje Perine,CIN,RB,,,16,6,67.59,293,293,2,66.8,25,16,275,119,2.6,0.8,0.1,0.1
41933,Jordan James,SF,RB,Q,Ribs,12,8,51.37,294,294,3,60.6,14.3,9.9,253,79,1.9,0.3,0.1,0
40625,Chris Brooks,GB,RB,,,14,11,38.97,295,295,1,33.7,16.4,12.4,138,88.7,1.2,0.5,0,0
42737,Elijah Sarratt,BAL,WR,,,16,13,46.75,296,296,1,0.3,27.5,20.7,1.3,249,0,1.8,0,0.7
40232,Xavier Hutchinson,HOU,WR,,,16,8,39.1,297,297,1,0.9,39.2,17.9,5.1,218,0,1.2,0,0.3
41952,Tory Horton,SEA,WR,Q,Undisclosed,16,11,60.8,298,298,1,0.3,41.6,25,3,326,0,2.4,0,0.8
30136,Evan Engram,DEN,TE,,,15,10,61.01,299,299,2,0.3,49.7,35.2,1.4,312,0,2,0,0.1
41009,Troy Franklin,DEN,WR,,,16,10,53.71,301,301,2,1.7,39,23.7,9.1,276,0,2.2,0,0.2
40222,DeMario Douglas,NE,WR,,,16,11,53.62,304,304,1,5.4,35.1,22.5,34.7,279,0.1,1.7,0,0.7
34374,Jake Tonges,SF,TE,,,16,8,47.53,305,305,2,0,35.4,25.9,0,243,0,1.7,0,0.1
42817,Malik Benson,LV,WR,,,0,13,37.9,306,306,0,0,27.4,17.8,0,215,0,1.2,0,0.1
33465,Joshua Palmer,BUF,WR,,,12,7,34.29,307,307,0,0,22.8,15,0,197,0,1.2,0,0.2
40065,Michael Mayer,LV,TE,,,16,13,59.13,308,308,1,0,49.5,32.7,0,320,0,1.8,0,0.1
32292,Ashton Dulin,IND,WR,,,8,13,21.06,309,309,0,1.7,10.7,7.3,8.6,128,0,0.6,0,0.1
42747,Skyler Bell,BUF,WR,Q,Lower Body,16,7,40.95,310,310,1,0.3,26.2,18.7,1.7,227,0,1.4,0,0.1
34610,Malik Davis,DAL,RB,,,12,14,23.92,311,311,1,30,5.7,4.9,127,36.7,0.8,0.1,0,0
30125,Deshaun Watson,CLE,QB,,,7,11,110.8,312,312,3,27.4,0,0,113,0,1,0,0,0
31012,Mike Gesicki,CIN,TE,,,15,6,75.92,313,313,1,0,52,36.8,0,395,0,3,0,0.1
42727,Brenen Thompson,LAC,WR,Q,Undisclosed,12,7,36.85,314,314,0,0.7,25.2,16.8,1.6,215,0,1.1,0,0.2
41904,Elic Ayomanor,TEN,WR,,,16,9,45.65,315,315,1,0,32.5,19.6,0,251,0,1.8,0,0.2
41003,Theo Johnson,NYG,TE,Q,Undisclosed,16,8,57.28,316,316,1,0,43.9,27.7,0,310,0,2.1,0,0.1
41827,Mason Taylor,NYJ,TE,,,16,13,59.13,317,317,1,0,51.6,33.1,0,299,0,2.1,0,0.1
40989,Erick All Jr.,CIN,TE,,,0,6,52.43,318,318,0,0,34.1,27.9,0,281,0,1.7,0,0.1
40211,Andrei Iosivas,CIN,WR,,,16,6,66.41,319,319,1,1.6,50.2,28.3,9.2,363,0,2.4,0,0.3
42598,Isaiah Bond,CLE,WR,,,12,11,43.99,320,320,0,2.8,32.9,17.7,14.6,246,0,1.5,0,0.2
32018,Ty Johnson,BUF,RB,Q,Lower Leg,16,7,49.84,321,321,1,33.7,24.6,16,141,147,1.3,0.9,0,0.1
34094,Calvin Austin III,NYG,WR,,,16,8,32.14,322,322,0,1.8,28.8,15.1,8.9,188,0,0.8,0,0.2
41835,Elijah Arroyo,SEA,TE,,,16,11,53.86,323,323,1,0,39.4,25.7,0,286,0,2.1,0,0.1
40964,Luke McCaffrey,WAS,WR,,,8,7,25.77,324,324,1,0,16.7,10.7,0,146,0,0.8,0,0.2
42687,Carson Beck,ARI,QB,Q,Ribs,4,14,53.01,325,325,2,8.2,0,0,30.2,0,0.4,0,0,0
41972,Devin Neal,NO,RB,Q,Hamstring,16,8,17.65,326,326,0,20.3,5.9,6.1,80.7,40.7,0.5,0.1,0,0
42695,Oscar Delp,NO,TE,,,12,8,35.38,327,327,0,0,22.8,18.7,0,195,0,1.1,0,0.1
40430,Emari Demercado,KC,RB,,,12,5,30.09,328,328,1,24.8,11.4,10.2,113,75.6,0.7,0.3,0,0
41903,Chimere Dike,TEN,WR,,,16,9,57.52,329,329,3,7.4,40.2,23.7,27.3,241,0.3,2.2,0,0.6
31017,Christian Kirk,SF,WR,Q,Calf,14,8,40.48,330,330,1,0.7,27.4,19.3,4.3,232,0,1.2,0,0.2
41006,Sione Vaki,DET,RB,Q,Back,8,6,11.24,331,331,0,9.8,2.2,3.3,41.7,33.8,0.3,0.1,0,0
40162,Roschon Johnson,CHI,RB,,,0,10,10.6,332,332,0,14.3,2.8,2.3,56.2,15.3,0.3,0.1,0,0
32695,Brandon Aiyuk,SF,WR,D,Knee - ACL + MCL,8,8,41.6,333,333,4,0,27,16,3,213,0,2,0,0
42007,LeQuint Allen Jr.,JAX,RB,Q,Undisclosed,16,7,39.8,334,334,1,22.3,24.5,17.7,90.8,125,0.6,1,0,0.1
40958,Trey Benson,ARI,RB,NA,Knee,16,14,19.47,335,335,1,19.6,6.4,4.5,81.7,35.8,0.6,0.5,0,0
41913,Trevor Etienne,CAR,RB,,,12,5,26.55,336,336,1,28.7,9,6.8,120,43.6,0.7,0.1,0,0
41881,Kaleb Johnson,PIT,RB,,,14,9,18.25,337,337,1,23.9,3.7,3.9,90.9,31.9,0.6,0.1,0,0
42139,Raheim Sanders,CLE,RB,,,4,11,15.61,338,338,0,17.5,6,4.2,69.8,30.8,0.5,0.1,0,0
31906,Devin Singletary,NYG,RB,,,12,8,15.18,339,339,1,19.5,5.6,4,76.4,29.6,0.4,0,0,0
41064,Jawhar Jordan,HOU,RB,Q,Hip,12,8,23.14,340,340,0,30.6,6.6,4.5,125,31.9,0.8,0.1,0.1,0
42762,Colbie Young,CIN,WR,,,0,6,31.2,341,341,0,0,21.4,14.8,0,181,0,0.9,0,0.2
42819,CJ Daniels,LAR,WR,,,16,11,23.81,342,342,0,0.3,16.2,11.9,2,137,0,0.7,0,0.1
40090,Marvin Mims Jr.,DEN,WR,Q,Undisclosed,16,10,54.68,343,343,1,7.9,35.8,23.6,45.6,241,0.1,1.6,0,0.7
41851,Savion Williams,GB,WR,,,12,11,38.61,344,344,0,9.7,25.7,15.5,45.1,168,0.1,1.5,0,0.2
42711,Zavion Thomas,CHI,WR,,,8,10,35.27,345,345,0,2,23.7,15,8.9,179,0.1,1.3,0,0.1
40952,Roman Wilson,PIT,WR,,,12,9,42.5,347,347,0,0,29.3,18.1,0,240,0,1.5,0,0.3
41864,Kyle Williams,NE,WR,,,16,11,28.36,348,348,1,1.6,15.6,10.6,6.1,162,0,0.8,0,0.6
30231,Mack Hollins,NE,WR,,,16,11,34.15,349,349,0,0.7,26.5,15.5,2.4,190,0,1.1,0,0.7
31857,Hollywood Brown,PHI,WR,,,14,10,43.96,350,350,1,0,33.2,19.8,0,243,0,1.5,0,0.7
30551,Kendrick Bourne,ARI,WR,,,12,14,57.41,351,351,0,0.3,47.7,26.9,1.2,339,0,1.6,0,0.4
43197,Noah Whittington,HOU,RB,Q,Ankle,8,8,2.46,352,352,0,0,0,1.2,0,13.6,0.1,0,0,0
34044,Jalen Tolbert,MIA,WR,,,8,6,41.98,353,353,1,0,24.1,19.6,0,227,0,1.6,0,0.2
42012,Brashard Smith,KC,RB,,,12,5,31.02,354,354,0,23.7,14.3,9.6,94.7,76.4,1,0.6,0,0.1
41083,Jordan Whittington,LAR,WR,,,12,11,24.77,355,355,0,1.4,18.7,11.6,6.4,124,0,0.8,0,0.2
29399,Tyreek Hill,MIA,WR,NA,Knee - ACL,10,6,78.2,358,358,5,1,52,33,5,422,0,3,0,1
26658,Zach Ertz,WAS,TE,NA,,8,7,28.7,359,359,0,0,22,16,0,147,0,1,0,0
30199,Kareem Hunt,KC,RB,NA,,8,5,22.7,361,361,0,35,4,3,130,22,1,0,0,0
33399,Justin Fields,KC,QB,,,2,5,38.38,362,362,1,13.2,0,0,72.2,0,0.5,0,0,0
40892,Ricky Pearsall,SF,WR,IR,Knee - PCL,0,8,0,364,364,17,0,0,0,0,0,0,0,0,0
30213,Jonnu Smith,PIT,TE,NA,,16,9,28.4,366,366,0,2,20,15,10,139,0,1,0,0
31928,Dawson Knox,BUF,TE,,,16,7,59.42,367,367,1,0,42.3,26.3,0,297,0,2.8,0,0.1
41819,Jayden Higgins,HOU,WR,IR,Knee - ACL,0,8,66.87,369,369,19,0,0,28.6,0,373,0,2.5,0,0
29236,Carson Wentz,MIN,QB,,,1,6,11.71,370,370,0,1.8,0,0,6.4,0,0,0,0,0
31852,Noah Fant,NO,TE,,,16,8,32.03,372,372,0,0,24.7,18,0,168,0,1,0,0
33495,Michael Carter,TEN,RB,,,8,9,7.6,373,373,0,6.3,2.7,3.4,24.9,27.1,0.1,0.1,0,0
30614,Taysom Hill,NO,TE,NA,,8,8,7.5,377,377,0,5,5,4,20,35,0,0,0,0
32713,Cole Kmet,CHI,TE,,,16,10,56.44,380,380,1,0,41.7,27.7,0,293,0,2.2,0,0.1
41019,Audric Estime,NO,RB,Q,Ankle,12,8,13.93,382,382,0,13.1,2.7,4.3,52.2,36.6,0.4,0.1,0,0
34357,Bam Knight,ARI,RB,,,0,14,5.2,2040,2040,0,0,0,3.4,0,24.7,0.2,0,0,0
31901,Josh Oliver,MIN,TE,,,16,6,31.12,2055,2055,0,0,22.7,15.4,0,161,0,1.2,0,0.1
29315,Austin Hooper,ATL,TE,,,16,11,31.62,2058,2058,0,0,23.8,15.8,0,175,0,1,0,0.1
33774,Brock Wright,DET,TE,,,16,6,26.78,2059,2059,0,0,19.5,14.3,0,138,0,1,0,0
30161,Joe Mixon,HOU,RB,NA,Foot,0,8,0,2060,2060,1,0,0,0,0,0,0,0,0,0
32523,Greg Dortch,DET,WR,,,12,6,35.8,2061,2061,0,4.4,24.2,16.9,25.7,173,0.2,1,0,0.1
31005,Nick Chubb,HOU,RB,NA,,8,8,25.4,2062,2062,0,35,6,5,138,31,1,0,0,0
34709,KaVontae Turpin,DAL,WR,,,16,14,61.1,2063,2063,3,14.9,32.6,18.4,114,240,0.5,1.6,0,0.7
8795,Joe Flacco,CIN,QB,,,2,6,31.09,2066,2066,1,4.1,0,0,8.8,0,0.1,0,0,0
29274,Sterling Shepard,HOU,WR,,,0,8,0.6,2067,2067,0,1,0,0,6,0,0,0,0,0
32123,Olamide Zaccheaus,ATL,WR,,,16,11,43.75,2069,2069,0,2.1,40.1,22.3,9.4,224,0,1.5,0,0.2
34242,Kevin Austin Jr.,NO,WR,,,12,8,3.59,2070,2070,0,0,3.2,1.9,0.5,22,0,0.1,0,0
40093,Cedric Tillman,CLE,WR,Q,Undisclosed,12,11,15.61,2071,2071,0,0,9.6,7.1,0,90,0,0.5,0,0.1
31885,Miles Sanders,DAL,RB,NA,,0,14,0,2072,2072,0,0,0,0,0,0,0,0,0,0
31257,Tanner Hudson,CIN,TE,,,12,6,18.43,2073,2073,0,0,12.1,9.2,0,88.3,0,0.8,0,0
40905,J.J. McCarthy,MIN,QB,Q,Undisclosed,1,6,33.37,2074,2074,1,7.8,0,0,37.4,0,0.5,0,0,0
40995,Ja'Tavion Sanders,CAR,TE,,,16,5,32.27,2075,2075,0,0,20.2,18.2,0,142,0,1.5,0,0
40991,Devontez Walker,BAL,WR,,,12,13,40.17,2076,2076,0,0.6,23.5,13.8,3.3,240,0,1.4,0,0.3
42030,Tez Johnson,TB,WR,Q,Groin,15,10,34.23,2077,2077,0,3.2,23.5,14.4,13.1,177,0.1,1.2,0,0.2
34068,Daniel Bellinger,TEN,TE,,,16,9,38.25,2078,2078,0,0,28.9,18.6,0,215,0,1.2,0,0.1
31981,Hunter Renfrow,CAR,WR,NA,,0,5,0,2079,2079,0,0,0,0,0,0,0,0,0,0
33471,Tommy Tremble,CAR,TE,,,16,5,29.41,2080,2080,0,0,24.7,16.3,0,151,0,1,0,0
32798,Gabe Davis,BUF,WR,NA,Knee - ACL,0,7,0,2081,2081,0,0,0,0,0,0,0,0,0,0
33999,John Metchie III,CAR,WR,,,16,5,30.73,2082,2082,0,0.7,27.6,16.5,5.4,165,0,0.9,0,0.1
33469,Hunter Long,JAX,TE,,,0,7,5.8,2084,2084,0,0,2.8,1.8,0,16.4,0,0.5,0,0
41959,Jackson Hawes,BUF,TE,,,16,7,26.43,2085,2085,0,0,19.3,12.9,0,141,0,1,0,0.1
33403,Mac Jones,SF,QB,,,2,8,29.18,2087,2087,1,5.2,0,0,17.8,0,0.1,0,0,0
32775,Adam Trautman,DEN,TE,,,16,10,28.48,2088,2088,0,0,22.6,15.5,0,152,0,0.9,0,0.1
26650,DeAndre Hopkins,BAL,WR,NA,,8,13,2,2089,2089,0,0,2,1,0,15,0,0,0,0
31127,Tyler Conklin,DET,TE,,,16,6,3.11,2090,2090,0,0,2.6,2,0,19.6,0,0,0,0
29360,Demarcus Robinson,SF,WR,,,12,8,25.09,2091,2091,0,0.5,18.7,10.8,2.4,147,0,0.8,0,0.1
32494,Lil'Jordan Humphrey,DEN,WR,,,8,10,14.97,2093,2093,0,0,10.2,6.2,0,76.6,0,0.7,0,0
33550,Noah Gray,KC,TE,,,16,5,43.5,2094,2094,0,0,35.2,23.7,0,224,0,1.5,0,0.1
32727,Van Jefferson,WAS,WR,,,16,7,3.42,2095,2095,0,0,3.2,1.9,0,23.9,0,0,0,0
41949,Mitchell Evans,CAR,TE,,,16,5,21.69,2096,2096,0,0.4,10.8,12.3,1.5,115,0,0.6,0,0
42400,Jahdae Walker,CHI,WR,,,12,10,27.13,2097,2097,0,0,19,10.9,0,141,0,1.2,0,0.2
40164,Davis Allen,LAR,TE,Q,Quadriceps,12,11,12.08,2098,2098,0,0,9,6.7,0,63.9,0,0.4,0,0
40931,Ben Sinnott,WAS,TE,,,14,7,29.69,2099,2099,0,0.4,19.4,14.7,1.6,151,0,1.2,0,0.1
29631,Kalif Raymond,CHI,WR,,,16,10,32.85,2100,2100,0,1.9,23.5,14.2,11.7,172,0,1,0,0.2
32831,Tyler Johnson,DAL,WR,,,4,14,5,2101,2101,0,0,5,3,0,35,0,0,0,0
30511,Tim Patrick,NYJ,WR,,,8,13,13.9,2102,2102,0,0,10.2,6,0,79.7,0,0.5,0,0.1
40226,Elijah Higgins,ARI,TE,Q,Concussion,16,14,38.69,2103,2103,0,0,31.3,21.2,0,209,0,1.2,0,0.1
30175,JuJu Smith-Schuster,NYG,WR,NA,Knee,8,8,3.1,2104,2104,0,0,3,2,1,20,0,0,0,0
30423,Austin Ekeler,WAS,RB,NA,,8,7,28.6,2105,2105,0,28,11,9,118,63,1,0,0,0
31090,Will Dissly,LAC,TE,NA,,12,7,21.5,2106,2106,0,0,16,11,0,100,0,1,0,0
32736,Antonio Gibson,NE,RB,NA,Knee - ACL,4,11,2.9,2107,2107,0,1,3,2,4,15,0,0,0,0
30230,Josh Reynolds,NYJ,WR,NA,,4,13,5,2108,2108,0,0,5,3,0,35,0,0,0,0
33445,Tutu Atwell,MIA,WR,,,8,6,32.47,2111,2111,0,1.2,16.3,13.9,5.5,197,0.1,0.8,0,0.2
28457,Tyler Lockett,LV,WR,NA,,8,13,22.8,2112,2112,0,0,17,11,0,113,0,1,0,0
40074,Luke Musgrave,GB,TE,PUP,Neck,16,11,31.89,2114,2114,0,0,23.8,17.1,0,178,0,0.9,0,0.1
29328,Nick Vannett,SEA,TE,,,0,11,0,2115,2115,0,0,0,0,0,0,0,0,0,0
41043,Spencer Rattler,NO,QB,,,1,8,24.21,2116,2116,0,5.6,0,0,23.4,0,0.1,0,0,0
31934,Alexander Mattison,MIA,RB,NA,,0,6,0,2117,2117,0,0,0,0,0,0,0,0,0,0
40630,Tyrell Shavers,BUF,WR,PUP,Knee - ACL,12,7,5.02,2118,2118,0,0,4.1,2.6,0.5,31.8,0,0.1,0,0
27548,Brandin Cooks,NO,WR,NA,,12,8,23.8,2119,2119,0,0,17,10,0,128,0,1,0,0
40313,Mitch Tinsley,CIN,WR,,,0,6,21.11,2120,2120,0,0,15.5,8.6,0,123,0,0.7,0,0.2
30352,Noah Brown,LV,WR,NA,,8,13,6.16,2121,2121,0,0,4.8,2.8,0,36.9,0,0.2,0,0
31144,M. Valdes-Scantling,DAL,WR,,,12,14,12.78,2122,2122,0,0.5,8.2,4.4,3,67,0,0.6,0,0
41045,Bub Means,NO,WR,Q,Hamstring,0,8,0,2123,2123,0,0,0,0,0,0,0,0,0,0
33470,Dyami Brown,WAS,WR,,,8,7,17.31,2124,2124,0,1.7,10.8,7.2,13.6,85.4,0,0.6,0,0.1
42291,CJ Dippre,NE,TE,,,0,11,0,2125,2125,0,0,0,0,0,0,0,0,0,0
42870,Carsen Ryan,CLE,TE,Q,Foot,0,11,0,2126,2126,0,0,0,0,0,0,0,0,0,0
43087,RJ Maryland,GB,TE,NA,Hamstring,0,11,0,2127,2127,0,0,0,0,0,0,0,0,0,0
42620,Carson Towt,IND,TE,IR,Undisclosed,0,13,0,2128,2128,0,0,0,0,0,0,0,0,0,0
42927,Evan Svoboda,LAC,TE,,,0,7,0,2129,2129,0,0,0,0,0,0,0,0,0,0
42004,Thomas Fidone II,NYG,TE,,,0,8,18.51,2130,2130,0,0,0,11.4,0,93.8,0,0.6,0,0
32442,Chris Myarick,LV,TE,,,0,13,0,2131,2131,0,0,0,0,0,0,0,0,0,0
32788,Albert Okwuegbunam Jr.,LV,TE,,,0,13,0,2132,2132,0,0,0,0,0,0,0,0,0,0
42807,Bauer Sharp,TB,TE,,,0,10,0,2133,2133,0,0,0,0,0,0,0,0,0,0
43012,Lance Mason,PIT,TE,,,12,9,25.1,2134,2134,0,0,18,13,0,126,0,1,0,0
7777,Marcedes Lewis,DEN,TE,NA,,0,10,0,2135,2135,0,0,0,0,0,0,0,0,0,0
43055,DJ Rogers,DAL,TE,,,0,14,0,2136,2136,0,0,0,0,0,0,0,0,0,0
42782,Josh Cuevas,BAL,TE,,,8,13,14.7,2137,2137,0,0,10,7.3,0,73.3,0,0.6,0,0
41463,Messiah Swinson,GB,TE,,,0,11,0,2138,2138,0,0,0,0,0,0,0,0,0,0
43152,Tanner Arkin,NE,TE,,,0,11,0,2139,2139,0,0,0,0,0,0,0,0,0,0
43433,Johnny Pascuzzi,LAC,TE,,,0,7,0,2140,2140,0,0,0,0,0,0,0,0,0,0
43471,Connor Hulstein,NYJ,TE,,,0,13,0,2141,2141,0,0,0,0,0,0,0,0,0,0
43035,Chamon Metayer,CAR,TE,NA,,0,5,0,2142,2142,0,0,0,0,0,0,0,0,0,0
41120,Devin Culp,TB,TE,,,12,10,4.97,2143,2143,0,0,3.8,2.9,0,26.1,0,0.1,0,0
33932,Sal Cannella,CLE,TE,NA,,0,11,0,2144,2144,0,0,0,0,0,0,0,0,0,0
43109,Ademola Faleye,TB,TE,NA,,0,10,0,2145,2145,0,0,0,0,0,0,0,0,0,0
42764,Justin Joly,DEN,TE,,,16,10,34.11,2146,2146,0,0,21.6,17.4,0,179,0,1.3,0,0
41363,Treyton Welch,NO,TE,,,0,8,0,2147,2147,0,0,0,0,0,0,0,0,0,0
42547,Mitch Van Vooren,DAL,TE,,,0,14,0,2148,2148,0,0,0,0,0,0,0,0,0,0
40978,Jared Wiley,KC,TE,,,0,5,8.17,2149,2149,0,0,5.9,4.2,0,44.6,0,0.3,0,0
42430,Tre Watson,KC,TE,,,0,5,0,2150,2150,0,0,0,0,0,0,0,0,0,0
30777,Robert Tonyan,PIT,TE,,,4,9,1.4,2151,2151,0,0,1,1,0,9,0,0,0,0
33950,Nikola Kalinic,CHI,TE,IR,Knee,0,10,0,2152,2152,0,0,0,0,0,0,0,0,0,0
42691,Sam Roush,CHI,TE,,,16,10,19.13,2153,2153,0,0,12.7,10.1,0,103,0,0.6,0,0
43088,Eni Falayi,GB,TE,NA,,0,11,0,2154,2154,0,0,0,0,0,0,0,0,0,0
43272,Patrick Gurd,LV,TE,,,0,13,0,2155,2155,0,0,0,0,0,0,0,0,0,0
40550,E.J. Jenkins,PHI,TE,,,0,10,0,2156,2156,0,0,0,0,0,0,0,0,0,0
42755,Matt Hibner,BAL,TE,,,14,13,20.62,2157,2157,0,0,14.6,10.5,0,107,0,0.8,0,0
42266,Bryson Nesbit,MIN,TE,,,0,6,0,2158,2158,0,0,0,0,0,0,0,0,0,0
42797,Tanner Koziol,JAX,TE,,,12,7,20.63,2159,2159,0,0,12.3,10.9,0,111,0,0.7,0,0
42153,Rivaldo Fairweather,ARI,TE,,,0,14,0,2160,2160,0,0,0,0,0,0,0,0,0,0
40643,Travis Vokolek,ARI,TE,NA,,0,14,0,2161,2161,0,0,0,0,0,0,0,0,0,0
42878,Dallen Bentley,DEN,TE,,,0,10,0.97,2162,2162,0,0,0.7,0.5,0,5.5,0,0,0,0
34133,James Mitchell,CAR,TE,,,0,5,0,2163,2163,0,0,0,0,0,0,0,0,0,0
42678,Nate Boerkircher,JAX,TE,,,16,7,20.2,2164,2164,0,0,15.6,10.4,0,103,0,0.8,0,0
43130,Matt Lauter,MIN,TE,,,0,6,0,2165,2165,0,0,0,0,0,0,0,0,0,0
32415,Tyree Jackson,WAS,TE,NA,,0,7,0,2166,2166,0,0,0,0,0,0,0,0,0,0
42887,Michael Trigg,DAL,TE,Q,Toe,16,14,20.02,2167,2167,0,0,10.2,10.3,0,108,0,0.7,0,0
42243,Caden Prieskorn,CAR,TE,,,0,5,0,2168,2168,0,0,0,0,0,0,0,0,0,0
42972,Khalil Dinkins,SF,TE,,,0,8,0,2169,2169,0,0,0,0,0,0,0,0,0,0
42186,Joshua Simon,ATL,TE,,,0,11,0,2170,2170,0,0,0,0,0,0,0,0,0,0
43239,DeShawn Hanika,IND,TE,NA,,0,13,0,2171,2171,0,0,0,0,0,0,0,0,0,0
34489,Zaire Mitchell-Paden,NO,TE,,,0,8,0,2172,2172,0,0,0,0,0,0,0,0,0,0
40346,Joel Wilson,TEN,TE,,,0,9,0,2173,2173,0,0,0,0,0,0,0,0,0,0
43391,Stone Eby,DEN,TE,NA,,0,10,0,2174,2174,0,0,0,0,0,0,0,0,0,0
43379,Brandon Frazier,ATL,TE,NA,,0,11,0,2175,2175,0,0,0,0,0,0,0,0,0,0
41556,Baylor Cupp,ARI,TE,NA,,0,14,0,2176,2176,0,0,0,0,0,0,0,0,0,0
41692,Hayden Rucci,SF,TE,,,0,8,0,2177,2177,0,0,0,0,0,0,0,0,0,0
42041,Luke Lachey,HOU,TE,NA,Foot,0,8,0,2178,2178,0,0,0,0,0,0,0,0,0,0
41373,McCallan Castles,GB,TE,,,0,11,0,2179,2179,0,0,0,0,0,0,0,0,0,0
42063,Keleki Latu,BUF,TE,,,0,7,0,2180,2180,0,0,0,0,0,0,0,0,0,0
42465,Nick Kallerup,SEA,TE,,,0,11,0,2181,2181,0,0,0,0,0,0,0,0,0,0
33485,Tre' McKitty,WAS,TE,,,0,7,0,2182,2182,0,0,0,0,0,0,0,0,0,0
34183,Nick Muse,ATL,TE,,,0,11,0,2183,2183,0,0,0,0,0,0,0,0,0,0
43412,Brett Weaver,DEN,TE,NA,,0,10,0,2184,2184,0,0,0,0,0,0,0,0,0,0
42683,Max Klare,LAR,TE,,,16,11,30.07,2185,2185,0,0,19.7,15.2,0,156,0,1.1,0,0
43357,Kenny Fletcher Jr.,TB,TE,,,0,10,0,2186,2186,0,0,0,0,0,0,0,0,0,0
40255,Zack Kuntz,DAL,TE,,,0,14,0,2187,2187,0,0,0,0,0,0,0,0,0,0
42847,Jaren Kanak,TEN,TE,IR,Pectoral,12,9,25.1,2188,2188,0,0,18,13,0,126,0,1,0,0
43164,Chase Curtis,NYJ,TE,Q,Knee,0,13,0,2189,2189,0,0,0,0,0,0,0,0,0,0
42936,Jerand Bradley,LAC,TE,,,0,7,0,2190,2190,0,0,0,0,0,0,0,0,0,0
43027,Hayden Large,CHI,TE,,,0,10,0,2191,2191,0,0,0,0,0,0,0,0,0,0
42117,Jake Briningstool,KC,TE,,,0,5,0,2192,2192,0,0,0,0,0,0,0,0,0,0
43457,Louis Hansen,HOU,TE,,,0,8,0,2193,2193,0,0,0,0,0,0,0,0,0,0
43002,Ty Pezza,BAL,TE,,,0,13,0,2194,2194,0,0,0,0,0,0,0,0,0,0
43082,Miles Kitselman,DET,TE,NA,Leg,12,6,25.1,2195,2195,0,0,18,13,0,126,0,1,0,0
42353,Marshall Lang,MIN,TE,,,0,6,0,2196,2196,0,0,0,0,0,0,0,0,0,0
42571,Thomas Gordon,DET,TE,,,0,6,0,2197,2197,0,0,0,0,0,0,0,0,0,0
43138,Dan Villari,LAR,TE,,,0,11,0,2198,2198,0,0,0,0,0,0,0,0,0,0
42523,Drake Dabney,GB,TE,,,0,11,0,2199,2199,0,0,0,0,0,0,0,0,0,0
43470,Drew Biber,CLE,TE,,,0,11,0,2200,2200,0,0,0,0,0,0,0,0,0,0
43058,Josh Kattus,CIN,TE,,,0,6,0,2201,2201,0,0,0,0,0,0,0,0,0,0
43036,Lake McRee,PIT,TE,,,0,9,0,2202,2202,0,0,0,0,0,0,0,0,0,0
42204,Patrick Herbert,JAX,TE,,,0,7,0,2203,2203,0,0,0,0,0,0,0,0,0,0
43212,Jameson Geers,ARI,TE,IR,Undisclosed,0,14,0,2204,2204,0,0,0,0,0,0,0,0,0,0
42843,Jack Endries,CIN,TE,,,16,6,37.99,2205,2205,0,0,29,19.2,0,198,0,1.4,0,0
41512,Shawn Bowman,ARI,TE,,,0,14,0,2206,2206,0,0,0,0,0,0,0,0,0,0
42420,Zach Horton,DET,TE,,,0,6,0,2207,2207,0,0,0,0,0,0,0,0,0,0
43449,Heinrich Haarberg,CAR,TE,NA,,0,5,0,2208,2208,0,0,0,0,0,0,0,0,0,0
42612,Layne Pryor,HOU,TE,,,0,8,0,2209,2209,0,0,0,0,0,0,0,0,0,0
34126,Teagan Quitoriano,ARI,TE,,,0,14,0,2210,2210,0,0,0,0,0,0,0,0,0,0
40778,Princeton Fant,DAL,TE,IR,Knee - ACL + MCL,0,14,0,2211,2211,0,0,0,0,0,0,0,0,0,0
42275,JJ Galbreath,IND,TE,,,0,13,0,2212,2212,0,0,0,0,0,0,0,0,0,0
43206,Quentin Moore,WAS,TE,,,0,7,0,2213,2213,0,0,0,0,0,0,0,0,0,0
43463,Jeremiah Franklin,MIA,TE,,,0,6,0,2214,2214,0,0,0,0,0,0,0,0,0,0
43116,J. Michael Gyllenborg,KC,TE,IR,Knee,12,5,34.9,2215,2215,0,0,16,11,0,114,0,1,0,0
42006,Moliki Matavao,NO,TE,Q,Knee,0,8,0,2216,2216,0,0,0,0,0,0,0,0,0,0
42446,Jermaine Terry,CLE,TE,,,0,11,0,2217,2217,0,0,0,0,0,0,0,0,0,0
33101,Sean McKeon,IND,TE,NA,Undisclosed,0,13,0,2218,2218,0,0,0,0,0,0,0,0,0,0
34029,Jelani Woods,NYJ,TE,,,0,13,1.13,2219,2219,0,0,0.7,0.4,0,4.4,0,0.1,0,0
41066,Tanner McLachlan,SF,TE,IR,Undisclosed,0,8,0,2220,2220,0,0,0,0,0,0,0,0,0,0
43139,Rohan Jones,LAR,TE,,,0,11,0,2221,2221,0,0,0,0,0,0,0,0,0,0
43161,Cody Hardy,NO,TE,,,0,8,0,2222,2222,0,0,0,0,0,0,0,0,0,0
34105,Cole Turner,MIA,TE,,,0,6,0,2223,2223,0,0,0,0,0,0,0,0,0,0
43178,Jack Velling,ATL,TE,,,8,11,5.3,2224,2224,0,0,5,4,0,33,0,0,0,0
33329,Lawrence Cager,WAS,TE,,,0,7,0,2225,2225,0,0,0,0,0,0,0,0,0,0
41994,Gavin Bartholomew,MIN,TE,,,0,6,0,2226,2226,0,0,0,0,0,0,0,0,0,0
42323,Mark Redman,LAR,TE,,,0,11,0,2227,2227,0,0,0,0,0,0,0,0,0,0
42965,Ethan Conner,MIA,TE,,,0,6,0,2228,2228,0,0,0,0,0,0,0,0,0,0
32273,Stephen Carlson,CHI,TE,,,0,10,0,2229,2229,0,0,0,0,0,0,0,0,0,0
42027,Caleb Lohner,DEN,TE,Q,Lower Body,0,10,0,2230,2230,0,0,0,0,0,0,0,0,0,0
42885,Dae'Quan Wright,CLE,TE,NA,,0,11,0,2231,2231,0,0,0,0,0,0,0,0,0,0
42167,Jalin Conyers,MIA,TE,NA,,0,6,0,2232,2232,0,0,0,0,0,0,0,0,0,0
41368,Mason Pline,KC,TE,,,0,5,0,2233,2233,0,0,0,0,0,0,0,0,0,0
42772,Joe Royer,CLE,TE,Q,Personal,16,11,27.36,2234,2234,0,0,19.2,13.8,0,137,0,1.1,0,0
42681,Marlin Klein,HOU,TE,,,16,8,26.99,2235,2235,0,0,20.4,14.1,0,146,0,0.9,0,0.1
42709,Will Kacmarek,MIA,TE,,,16,6,40.86,2236,2236,0,0,30.3,21.4,0,214,0,1.5,0,0.1
42790,Seydou Traore,MIA,TE,,,16,6,6.27,2237,2237,0,0,5.5,3.8,0,38.2,0,0.1,0,0
33535,Brevin Jordan,HOU,TE,Q,Knee,8,8,2.98,2238,2238,0,0,2.2,2.5,0,15.4,0,0,0,0
41397,Thomas Yassmin,GB,TE,,,0,11,0,2239,2239,0,0,0,0,0,0,0,0,0,0
42274,Bryce Pierre,CAR,TE,NA,,0,5,0,2240,2240,0,0,0,0,0,0,0,0,0,0
34174,Ko Kieft,TB,TE,,,4,10,1.8,2241,2241,0,0,2,1,0,13,0,0,0,0
43464,Tyler Moore,IND,TE,,,0,13,0,2242,2242,0,0,0,0,0,0,0,0,0,0
32456,Donald Parham Jr.,PIT,TE,NA,,0,9,0,2243,2243,0,0,0,0,0,0,0,0,0,0
33803,Shane Zylstra,BUF,TE,,,12,7,1.8,2244,2244,0,0,2,1,0,13,0,0,0,0
41562,Qadir Ismail,CHI,TE,,,0,10,0,2245,2245,0,0,0,0,0,0,0,0,0,0
32418,David Sills V,TB,WR,,,16,10,22.4,2246,2246,0,1,15,9,6,113,0,1,0,0
28390,Marcus Mariota,WAS,QB,Q,Knee - MCL,1,7,25.97,2247,2247,0,7.3,0,0,35.7,0,0.1,0,0,0
34057,Jeremy Ruckert,NYJ,TE,,,16,13,10.77,2248,2248,0,0,10.1,7.1,0,61.6,0,0.2,0,0
34154,Grant Calcaterra,PHI,TE,Q,Back,16,10,19.84,2249,2249,0,0,13.4,9.6,0,93.9,0,0.9,0,0
33705,Kenny Yeboah,ARI,TE,NA,Hamstring,0,14,0,2250,2250,0,0,0,0,0,0,0,0,0,0
31071,Ian Thomas,LV,TE,,,12,13,8.34,2251,2251,0,0,7.5,5.3,0,51.4,0,0.1,0,0
32877,Isaiah Hodgins,NYG,WR,,,12,8,5.48,2252,2252,0,0,4.2,2.4,0,30.7,0,0.2,0,0
40182,Josh Whyle,GB,TE,,,8,11,14.08,2253,2253,0,0,11,7.6,0,75,0,0.5,0,0
28365,Chris Manhertz,NYG,TE,,,16,8,3.05,2254,2254,0,0,2.3,1.4,0,16.3,0,0.1,0,0
33422,Elijah Moore,PHI,WR,,,0,10,1.62,2255,2255,0,1.2,0.6,0.4,7.6,4.4,0,0,0,0
30112,Mo Alie-Cox,IND,TE,,,12,13,21.09,2256,2256,0,0,15.9,11.2,0,113,0,0.7,0,0
40335,Ben Sims,MIA,TE,Q,Undisclosed,0,6,0,2257,2257,0,0,0,0,0,0,0,0,0,0
30339,David Moore,CAR,WR,,,4,5,3.58,2258,2258,0,0.5,2.8,1.8,1,22,0,0,0,0
31969,Foster Moreau,HOU,TE,,,12,8,16.96,2259,2259,0,0,12.1,9.2,0,88.5,0,0.6,0,0
41353,Cam Grandy,CIN,TE,,,0,6,0,2260,2260,0,0,0,0,0,0,0,0,0,0
42238,Jackson Meeks,DET,WR,,,0,6,0,2261,2261,0,0,0,0,0,0,0,0,0,0
40167,Justin Shorter,LV,WR,IR,Undisclosed,0,13,0,2262,2262,0,0,0,0,0,0,0,0,0,0
31884,Drew Sample,CIN,TE,,,16,6,23.98,2263,2263,0,0.4,18.3,13.5,1.8,121,0,0.8,0,0
30150,Zay Jones,HOU,WR,,,0,8,0,2264,2264,0,0,0,0,0,0,0,0,0,0
29341,Chris Moore,BAL,WR,,,8,13,2.67,2265,2265,0,0.6,2.1,1.3,2.8,15.2,0,0,0,0
40702,Nate Adkins,DEN,TE,,,8,10,13.34,2266,2266,0,0,10.8,7.6,0,70.5,0,0.4,0,0
30627,Pharaoh Brown,IND,TE,,,4,13,0,2267,2267,0,0,0,0,0,0,0,0,0,0