yahooId,name,team,position,status,rank,percentDrafted,adpPreseason,adpAll,adpLast7
40059,Jahmyr Gibbs,DET,RB,,1,100,1.4,1.4,
40055,Bijan Robinson,ATL,RB,,2,100,2,1.9,
33393,Ja'Marr Chase,CIN,WR,,3,100,3.4,3.3,
40168,Puka Nacua,LAR,WR,Q,4,100,4.8,4.8,
30121,Christian McCaffrey,SF,RB,Q,5,100,5.6,5.6,
32711,Jonathan Taylor,IND,RB,,6,100,7,7,
33500,Amon-Ra St. Brown,DET,WR,,7,100,7.9,7.9,
40041,Jaxon Smith-Njigba,SEA,WR,,8,100,6.8,6.8,
34019,James Cook III,BUF,RB,,9,100,9.8,9.8,
32687,CeeDee Lamb,DAL,WR,,10,100,10.4,10.4,
30972,Saquon Barkley,PHI,RB,,11,100,12.1,12.2,
33996,Kenneth Walker III,KC,RB,,12,100,16.5,16.5,
41791,Ashton Jeanty,LV,RB,Q,13,100,14.4,14.3,
40196,Chase Brown,CIN,RB,,14,100,16.5,16.4,
32692,Justin Jefferson,MIN,WR,,15,100,12.8,12.7,
40118,De'Von Achane,MIA,RB,,16,100,15.7,15.6,
41807,Omarion Hampton,LAC,RB,,17,100,18.7,18.7,
29279,Derrick Henry,BAL,RB,,18,100,18,18,
33963,Drake London,ATL,WR,,19,100,19,19,
40878,Brock Bowers,LV,TE,,20,100,21.2,21.1,
33477,Nico Collins,HOU,WR,,21,100,22.4,22.3,
34007,George Pickens,DAL,WR,,22,100,22.4,22.4,
31883,A.J. Brown,NE,WR,,23,100,24.8,24.8,
40899,Malik Nabers,NYG,WR,Q,24,100,32.4,32.5,
33398,DeVonta Smith,PHI,WR,,25,100,29.6,29.5,
33966,Chris Olave,NO,WR,,26,100,33.1,33,
34120,Kyren Williams,LAR,RB,,27,100,29.2,29.2,
30977,Josh Allen,BUF,QB,,28,100,19.7,19.8,
34010,Trey McBride,ARI,TE,,29,100,25.9,25.8,
32703,Tee Higgins,CIN,WR,,30,100,33.5,33.5,
40039,Zay Flowers,BAL,WR,,31,100,36.4,36.5,
33991,Breece Hall,NYJ,RB,Q,32,100,35.4,35.4,
33394,Jaylen Waddle,DEN,WR,,33,100,42,42.1,
42625,Jeremiyah Love,ARI,RB,Q,34,100,28.2,28,
33423,Javonte Williams,DAL,RB,,35,100,34.8,34.6,
40084,Rashee Rice,KC,WR,,36,100,34.5,34.3,
41793,Tetairoa McMillan,CAR,WR,,37,100,41.9,41.8,
41795,Colston Loveland,CHI,TE,,38,100,39.7,39.6,
40908,Ladd McConkey,LAC,WR,,39,100,45.6,45.6,
31856,Josh Jacobs,GB,RB,Q,40,100,33.5,33.2,
33965,Garrett Wilson,NYJ,WR,,41,100,49.5,49.4,
33413,Travis Etienne Jr.,NO,RB,,42,100,43.3,43.2,
41804,Emeka Egbuka,TB,WR,Q,43,100,43.8,43.7,
32705,D'Andre Swift,CHI,RB,,44,100,47.5,47.5,
31908,Terry McLaurin,WAS,WR,,45,100,54.1,54.1,
41824,Luther Burden III,CHI,WR,Q,46,100,58.9,58.7,
41922,Cam Skattebo,NYG,RB,,47,100,41.8,41.6,
41799,Tyler Warren,IND,TE,Q,48,100,47.3,47.2,
30994,DJ Moore,BUF,WR,,49,100,62.2,62.3,
31002,Lamar Jackson,BAL,QB,,50,100,37.5,37.6,
41821,Quinshon Judkins,CLE,RB,Q,51,100,53.4,53.2,
40901,Rome Odunze,CHI,WR,,52,100,67.7,67.8,
33967,Jameson Williams,DET,WR,,53,100,66.1,65.9,
31905,David Montgomery,HOU,RB,,54,100,52.5,52.4,
33989,Christian Watson,GB,WR,,55,100,67.7,67.7,
40234,Parker Washington,JAX,WR,Q,56,100,82.4,82.5,
27581,Davante Adams,LAR,WR,,57,100,54.1,53.6,
40993,Bucky Irving,TB,RB,,58,100,55.4,55.1,
41900,Bhayshul Tuten,JAX,RB,,59,100,62.7,62.4,
27535,Mike Evans,SF,WR,Q,60,100,67.2,66.9,
40881,Drake Maye,NE,QB,,61,100,47.2,47.3,
40896,Jayden Daniels,WAS,QB,,62,100,53.9,54,
32671,Joe Burrow,CIN,QB,,63,100,48.9,48.9,
42654,Jadarian Price,SEA,RB,,64,100,66.2,65.9,
32723,Jalen Hurts,PHI,QB,,65,100,56.7,56.9,
41823,TreVeyon Henderson,NE,RB,Q,66,100,62.9,62.5,
40102,Tucker Kraft,GB,TE,Q,67,100,60.8,60.9,
33508,Rhamondre Stevenson,NE,RB,,68,100,80.4,80.3,
40893,Marvin Harrison Jr.,ARI,WR,,69,100,78.9,78.7,
40064,Sam LaPorta,DET,TE,Q,70,100,62.9,63,
34447,Jaylen Warren,PIT,RB,,71,100,77,76.8,
40900,Caleb Williams,CHI,QB,,72,100,67.8,68.1,
40883,Brian Thomas Jr.,JAX,WR,,73,100,84.1,83.9,
42626,Carnell Tate,TEN,WR,,74,100,80.3,79.9,
32676,Justin Herbert,LAC,QB,,75,100,69.6,69.7,
40926,Jonathon Brooks,CAR,RB,,76,92,97.7,97.9,
31896,DK Metcalf,PIT,WR,Q,77,100,86.5,86.3,
41877,Harold Fannin Jr.,CLE,TE,,78,100,71.3,71.4,
31960,Tony Pollard,TEN,RB,,79,100,85.7,85.5,
33100,Rico Dowdle,PIT,RB,,80,100,87.3,87.1,
33389,Trevor Lawrence,JAX,QB,,81,100,84.6,84.8,
29369,Dak Prescott,DAL,QB,,82,100,74.3,74.3,
33392,Kyle Pitts Sr.,ATL,TE,,83,100,72.7,72.9,
32725,J.K. Dobbins,DEN,RB,,84,100,96.9,96.8,
40121,Michael Wilson,ARI,WR,,85,98,103.3,103.2,
30197,Chris Godwin Jr.,TB,WR,,86,100,97.9,97.8,
28534,Stefon Diggs,WAS,WR,,87,70,107.8,108.3,
42010,Jacory Croskey-Merritt,WAS,RB,Q,88,92,111.3,111.4,
42655,De'Zhaun Stribling,SF,WR,Q,89,27,116,116.4,
40126,Josh Downs,IND,WR,,90,96,109,109.3,
40962,Blake Corum,LAR,RB,,91,100,99.9,99.6,
40051,Quentin Johnston,LAC,WR,Q,92,94,109.5,109.4,
30259,George Kittle,SF,TE,Q,93,100,86.7,87,
40042,Jordan Addison,MIN,WR,,94,96,117.2,117.4,
40063,Jayden Reed,GB,WR,,95,94,119.3,119.4,
33514,Chuba Hubbard,CAR,RB,Q,96,100,84.5,83.7,
34218,Brock Purdy,SF,QB,,97,99,98.2,98.3,
31010,Courtland Sutton,DEN,WR,,98,99,103.3,103.1,
34008,Alec Pierce,IND,WR,PUP,99,99,92.1,91.3,
40875,Bo Nix,DEN,QB,,100,99,99.7,99.9,
34320,Jordan Mason,MIN,RB,,101,88,116.1,116.2,
32704,Michael Pittman Jr.,PIT,WR,Q,102,94,120,119.9,
41810,Jaxson Dart,NYG,QB,,103,100,88.2,87.8,
42646,KC Concepcion,CLE,WR,,104,36,128,128.3,
41808,Matthew Golden,GB,WR,,105,57,128.1,128.3,
40048,Dalton Kincaid,BUF,TE,,106,100,98.6,99.1,
42642,Makai Lemon,PHI,WR,,107,92,112.1,111.8,
42025,Kyle Monangai,CHI,RB,Q,108,98,104.3,103.8,
41845,RJ Harvey,DEN,RB,,109,98,103.9,103.5,
31833,Kyler Murray,MIN,QB,,110,93,111.7,111.7,
34047,Rachaad White,WAS,RB,Q,111,80,122.3,122.1,
41293,Jalen Coker,CAR,WR,,112,20,133.3,133.3,
9265,Matthew Stafford,LAR,QB,,113,99,100.3,100.5,
33538,Kenny Gainwell,TB,RB,,114,89,118.2,118,
40231,Chris Rodriguez Jr.,JAX,RB,,115,40,131.8,131.8,
31019,Dallas Goedert,PHI,TE,,116,99,106.3,106.4,
30123,Patrick Mahomes,KC,QB,Q,117,99,100.1,99.9,
26686,Travis Kelce,KC,TE,,118,100,93.8,93.9,
29235,Jared Goff,DET,QB,,119,93,114.4,114.5,
32231,Jakobi Meyers,JAX,WR,Q,120,60,129.1,129,
33998,Wan'Dale Robinson,TEN,WR,,121,43,130.9,130.9,
34088,Romeo Doubs,NE,WR,,122,26,131.8,131.8,
34095,Isaiah Likely,NYG,TE,,123,99,109.2,109.1,
42630,Jordyn Tyson,NO,WR,D,124,92,94.3,94,
30295,Aaron Jones Sr.,MIN,RB,,125,71,123.2,123,
40641,Keaton Mitchell,LAC,RB,,126,12,131.9,131.9,
40877,Xavier Worthy,KC,WR,Q,127,46,128.7,128.8,
31056,Mark Andrews,BAL,TE,,128,98,113.3,113.4,
34042,Malik Willis,MIA,QB,,129,39,124.6,124.8,
32696,Jordan Love,GB,QB,,130,61,124.1,124.3,
34659,Rashid Shaheed,SEA,WR,,131,14,128.2,128.3,
30971,Baker Mayfield,TB,QB,,132,43,126,126.3,
33113,Juwan Johnson,NO,TE,,133,35,127.5,127.7,
42661,Denzel Boston,CLE,WR,,134,4,131.4,131.5,
40095,Tank Bigsby,PHI,RB,,135,7,130.3,130.6,
41825,Tyler Shough,NO,QB,,136,26,129.8,130,
40119,Tyjae Spears,TEN,RB,,137,5,133.3,133.3,
34107,Tyler Allgeier,ARI,RB,,138,23,129.9,129.9,
34104,Khalil Shakir,BUF,WR,Q,139,13,131.3,131.4,
42730,Jonah Coleman,DEN,RB,,140,7,129.9,130.2,
40971,MarShawn Lloyd,GB,RB,,141,3,131.3,131.5,
41902,Woody Marks,HOU,RB,,142,10,131.5,131.6,
40075,Zach Charbonnet,SEA,RB,PUP,143,34,129.5,129.4,
26699,Keenan Allen,IND,WR,,144,2,123.7,123.9,
34085,Jake Ferguson,DAL,TE,,145,95,115.3,115.4,
40915,Adonai Mitchell,NYJ,WR,,146,,,,
31868,Deebo Samuel Sr.,SF,WR,,147,25,127.3,127.5,
42744,Mike Washington Jr.,LV,RB,,148,5,121.9,122.2,
34099,Chig Okonkwo,WAS,TE,,149,52,126.3,126.4,
40954,Jalen McMillan,TB,WR,Q,150,2,129.1,129.3,
34147,Jalen Nailor,LV,WR,,152,3,129.9,130.2,
99001,Travis Hunter,JAX,WR,,153,8,126.3,126.5,
34054,Brian Robinson,ATL,RB,,154,6,120.9,121.7,
42796,Emmett Johnson,KC,RB,,155,,,,
30973,Sam Darnold,SEA,QB,,156,16,122.4,122.7,
31838,Daniel Jones,IND,QB,,157,7,127.3,127.5,
31107,Dalton Schultz,HOU,TE,,158,7,127.9,128.4,
40078,Brenton Strange,JAX,TE,,159,41,128.8,128.9,
29269,Hunter Henry,NE,TE,,160,54,127.6,127.8,
41048,Tyrone Tracy Jr.,NYG,RB,,161,21,130.9,131,
40201,Dontayvion Wicks,PHI,WR,,163,,,,
41087,Ryan Flournoy,DAL,WR,,166,,,,
41935,Jaydon Blue,DAL,RB,,167,,,,
40029,Bryce Young,CAR,QB,,169,2,121.8,122.2,
40030,C.J. Stroud,HOU,QB,,170,8,125.4,125.6,
40980,Ray Davis,BUF,RB,,171,,,,
40981,Braelon Allen,NYJ,RB,,172,,,,
41860,Pat Bryant,DEN,WR,,173,,,,
42773,Cyrus Allen,KC,WR,,174,,,,
30180,Alvin Kamara,NO,RB,Q,177,19,126.1,126.1,
41001,AJ Barner,SEA,TE,,178,5,125.4,126,
41786,Cam Ward,TEN,QB,,179,3,125,125.3,
41840,Tre' Harris,LAC,WR,Q,180,,,,
41907,Dylan Sampson,CLE,RB,,181,,,,
34207,Isiah Pacheco,DET,RB,Q,183,12,125.8,126.2,
40114,Tre Tucker,LV,WR,,184,,,,
41831,Terrance Ferguson,LAR,TE,,185,3,126.8,126.7,
42702,Ja'Kobi Lane,BAL,WR,,186,2,125.3,125.5,
34036,Greg Dulcich,MIA,TE,,189,2,131.7,131.9,
42763,Nicholas Singleton,TEN,RB,,194,,,,
42697,Caleb Douglas,MIA,WR,,195,,,,
32685,Jerry Jeudy,CLE,WR,,196,,,,
31840,T.J. Hockenson,MIN,TE,,197,10,128.9,129.2,
41058,Malik Washington,MIA,WR,,198,,,,
41097,Devaughn Vele,NO,WR,,199,,,,
41885,Jaylin Noel,HOU,WR,Q,200,,,,
42638,Kenyon Sadiq,NYJ,TE,Q,201,15,130,130,
42652,Omar Cooper Jr.,NYJ,WR,,204,2,129.9,130.2,
42712,Kaelon Black,SF,RB,,205,,,,
32887,Jauan Jennings,MIN,WR,,206,2,126.5,126.9,
42820,Demond Claiborne,MIN,RB,,207,,,,
41951,Oronde Gadsden,LAC,TE,,208,31,126.6,126.6,
41344,George Holani,SEA,RB,,209,,,,
33412,Najee Harris,NYG,RB,,210,,,,
41031,Isaiah Davis,NYJ,RB,Q,214,,,,
30996,Calvin Ridley,TEN,WR,,215,,,,
29325,Jacoby Brissett,ARI,QB,,216,,,,
42623,Fernando Mendoza,LV,QB,,218,5,119.3,120,
41865,Isaac TeSlaa,DET,WR,,219,2,125.1,125.4,
33415,Rashod Bateman,BAL,WR,,221,,,,
42701,Zachariah Branch,ATL,WR,,222,,,,
41969,Ollie Gordon II,MIA,RB,Q,225,,,,
41905,Gunnar Helm,TEN,TE,,226,,,,
30218,James Conner,ARI,RB,Q,228,2,125.6,125.9,
42809,Kaytron Allen,WAS,RB,,229,,,,
42780,Adam Randall,BAL,RB,Q,230,,,,
41843,Jack Bech,LV,WR,,232,,,,
34005,Tyquan Thornton,KC,WR,,233,,,,
33971,Jahan Dotson,ATL,WR,,235,,,,
42693,Antonio Williams,WAS,WR,,236,,,,
40224,Kayshon Boutte,HOU,WR,,237,,,,
30182,Cooper Kupp,SEA,WR,,238,3,120.3,120.4,
42706,Ted Hurst III,TB,WR,,239,,,,
42696,Malachi Fields,NYG,WR,,242,,,,
40742,Sean Tucker,TB,RB,,243,,,,
32843,Darnell Mooney,NYG,WR,,244,,,,
41052,Kimani Vidal,LAC,RB,,250,,,,
40097,Tank Dell,HOU,WR,Q,252,,,,
26662,Geno Smith,NYJ,QB,,253,,,,
7200,Aaron Rodgers,PIT,QB,,254,2,115.9,116.3,
32675,Tua Tagovailoa,ATL,QB,,255,,,,
31945,Justice Hill,BAL,RB,,256,,,,
42859,Seth McGowan,IND,RB,,258,,,,
25812,Kirk Cousins,LV,QB,,260,,,,
41983,Tahj Brooks,CIN,RB,,261,,,,
41937,DJ Giddens,IND,RB,Q,262,,,,
40889,Michael Penix Jr.,ATL,QB,Q,263,,,,
42716,Chris Bell,MIA,WR,,264,,,,
40911,Keon Coleman,BUF,WR,Q,268,,,,
32803,Colby Parkinson,LAR,TE,,269,,,,
41930,Shedeur Sanders,CLE,QB,,270,,,,
42669,Germie Bernard,PIT,WR,,271,,,,
34084,Charlie Kolar,LAC,TE,,272,,,,
34062,Cade Otton,TB,TE,Q,273,,,,
40890,Xavier Legette,CAR,WR,Q,276,,,,
42758,Bryce Lance,NO,WR,,278,,,,
41010,Jaylen Wright,MIA,RB,,279,,,,
32003,Darius Slayton,NYG,WR,,280,,,,
40707,Emanuel Wilson,SEA,RB,Q,281,,,,
42676,Eli Stowers,PHI,TE,Q,282,,,,
33443,Pat Freiermuth,PIT,TE,,283,3,124.3,124.5,
42717,Eli Raridon,NE,TE,,285,,,,
40094,Darnell Washington,PIT,TE,,286,,,,
28592,Darren Waller,CAR,TE,,287,,,,
29344,Tyler Higbee,LAR,TE,,288,,,,
30142,David Njoku,LAC,TE,,289,3,124.4,124.6,
42018,Phil Mafah,DAL,RB,Q,290,,,,
33973,Treylon Burks,WAS,WR,,291,,,,
40108,Kendre Miller,NO,RB,,292,,,,
30227,Samaje Perine,CIN,RB,,293,,,,
41933,Jordan James,SF,RB,Q,294,,,,
40625,Chris Brooks,GB,RB,,295,,,,
42737,Elijah Sarratt,BAL,WR,,296,,,,
40232,Xavier Hutchinson,HOU,WR,,297,,,,
41952,Tory Horton,SEA,WR,Q,298,,,,
30136,Evan Engram,DEN,TE,,299,,,,
41009,Troy Franklin,DEN,WR,,301,,,,
40222,DeMario Douglas,NE,WR,,304,,,,
34374,Jake Tonges,SF,TE,,305,,,,
42817,Malik Benson,LV,WR,,306,,,,
33465,Joshua Palmer,BUF,WR,,307,,,,
40065,Michael Mayer,LV,TE,,308,,,,
32292,Ashton Dulin,IND,WR,,309,,,,
42747,Skyler Bell,BUF,WR,Q,310,,,,
34610,Malik Davis,DAL,RB,,311,,,,
30125,Deshaun Watson,CLE,QB,,312,,,,
31012,Mike Gesicki,CIN,TE,,313,,,,
42727,Brenen Thompson,LAC,WR,Q,314,,,,
41904,Elic Ayomanor,TEN,WR,,315,,,,
41003,Theo Johnson,NYG,TE,Q,316,,,,
41827,Mason Taylor,NYJ,TE,,317,,,,
40989,Erick All Jr.,CIN,TE,,318,,,,
40211,Andrei Iosivas,CIN,WR,,319,,,,
42598,Isaiah Bond,CLE,WR,,320,,,,
32018,Ty Johnson,BUF,RB,Q,321,,,,
34094,Calvin Austin III,NYG,WR,,322,,,,
41835,Elijah Arroyo,SEA,TE,,323,,,,
40964,Luke McCaffrey,WAS,WR,,324,,,,
42687,Carson Beck,ARI,QB,Q,325,,,,
41972,Devin Neal,NO,RB,Q,326,,,,
42695,Oscar Delp,NO,TE,,327,,,,
40430,Emari Demercado,KC,RB,,328,,,,
41903,Chimere Dike,TEN,WR,,329,,,,
31017,Christian Kirk,SF,WR,Q,330,,,,
41006,Sione Vaki,DET,RB,Q,331,,,,
40162,Roschon Johnson,CHI,RB,,332,,,,
32695,Brandon Aiyuk,SF,WR,D,333,,,,
42007,LeQuint Allen Jr.,JAX,RB,Q,334,,,,
40958,Trey Benson,ARI,RB,NA,335,,,,
41913,Trevor Etienne,CAR,RB,,336,,,,
41881,Kaleb Johnson,PIT,RB,,337,,,,
42139,Raheim Sanders,CLE,RB,,338,,,,
31906,Devin Singletary,NYG,RB,,339,,,,
41064,Jawhar Jordan,HOU,RB,Q,340,,,,
42762,Colbie Young,CIN,WR,,341,,,,
42819,CJ Daniels,LAR,WR,,342,,,,
40090,Marvin Mims Jr.,DEN,WR,Q,343,,,,
41851,Savion Williams,GB,WR,,344,,,,
42711,Zavion Thomas,CHI,WR,,345,,,,
40952,Roman Wilson,PIT,WR,,347,,,,
41864,Kyle Williams,NE,WR,,348,,,,
30231,Mack Hollins,NE,WR,,349,,,,
31857,Hollywood Brown,PHI,WR,,350,,,,
30551,Kendrick Bourne,ARI,WR,,351,,,,
43197,Noah Whittington,HOU,RB,Q,352,,,,
34044,Jalen Tolbert,MIA,WR,,353,,,,
42012,Brashard Smith,KC,RB,,354,,,,
41083,Jordan Whittington,LAR,WR,,355,,,,
29399,Tyreek Hill,MIA,WR,NA,358,3,131,131.4,
26658,Zach Ertz,WAS,TE,NA,359,,,,
30199,Kareem Hunt,KC,RB,NA,361,,,,
33399,Justin Fields,KC,QB,,362,,,,
40892,Ricky Pearsall,SF,WR,IR,364,43,114.7,114.7,
30213,Jonnu Smith,PIT,TE,NA,366,,,,
31928,Dawson Knox,BUF,TE,,367,,,,
41819,Jayden Higgins,HOU,WR,IR,369,16,133,133.1,
29236,Carson Wentz,MIN,QB,,370,,,,
31852,Noah Fant,NO,TE,,372,,,,
33495,Michael Carter,TEN,RB,,373,,,,
30614,Taysom Hill,NO,TE,NA,377,,,,
32713,Cole Kmet,CHI,TE,,380,,,,
41019,Audric Estime,NO,RB,Q,382,,,,
34357,Bam Knight,ARI,RB,,2040,,,,
31901,Josh Oliver,MIN,TE,,2055,,,,
29315,Austin Hooper,ATL,TE,,2058,,,,
33774,Brock Wright,DET,TE,,2059,,,,
30161,Joe Mixon,HOU,RB,NA,2060,,,,
32523,Greg Dortch,DET,WR,,2061,,,,
31005,Nick Chubb,HOU,RB,NA,2062,,,,
34709,KaVontae Turpin,DAL,WR,,2063,,,,
8795,Joe Flacco,CIN,QB,,2066,,,,
29274,Sterling Shepard,HOU,WR,,2067,,,,
32123,Olamide Zaccheaus,ATL,WR,,2069,,,,
34242,Kevin Austin Jr.,NO,WR,,2070,,,,
40093,Cedric Tillman,CLE,WR,Q,2071,,,,
31885,Miles Sanders,DAL,RB,NA,2072,,,,
31257,Tanner Hudson,CIN,TE,,2073,,,,
40905,J.J. McCarthy,MIN,QB,Q,2074,,,,
40995,Ja'Tavion Sanders,CAR,TE,,2075,,,,
40991,Devontez Walker,BAL,WR,,2076,,,,
42030,Tez Johnson,TB,WR,Q,2077,,,,
34068,Daniel Bellinger,TEN,TE,,2078,,,,
31981,Hunter Renfrow,CAR,WR,NA,2079,,,,
33471,Tommy Tremble,CAR,TE,,2080,,,,
32798,Gabe Davis,BUF,WR,NA,2081,,,,
33999,John Metchie III,CAR,WR,,2082,,,,
33469,Hunter Long,JAX,TE,,2084,,,,
41959,Jackson Hawes,BUF,TE,,2085,,,,
33403,Mac Jones,SF,QB,,2087,,,,
32775,Adam Trautman,DEN,TE,,2088,,,,
26650,DeAndre Hopkins,BAL,WR,NA,2089,,,,
31127,Tyler Conklin,DET,TE,,2090,,,,
29360,Demarcus Robinson,SF,WR,,2091,,,,
32494,Lil'Jordan Humphrey,DEN,WR,,2093,,,,
33550,Noah Gray,KC,TE,,2094,,,,
32727,Van Jefferson,WAS,WR,,2095,,,,
41949,Mitchell Evans,CAR,TE,,2096,,,,
42400,Jahdae Walker,CHI,WR,,2097,,,,
40164,Davis Allen,LAR,TE,Q,2098,,,,
40931,Ben Sinnott,WAS,TE,,2099,,,,
29631,Kalif Raymond,CHI,WR,,2100,,,,
32831,Tyler Johnson,DAL,WR,,2101,,,,
30511,Tim Patrick,NYJ,WR,,2102,,,,
40226,Elijah Higgins,ARI,TE,Q,2103,,,,
30175,JuJu Smith-Schuster,NYG,WR,NA,2104,,,,
30423,Austin Ekeler,WAS,RB,NA,2105,,,,
31090,Will Dissly,LAC,TE,NA,2106,,,,
32736,Antonio Gibson,NE,RB,NA,2107,,,,
30230,Josh Reynolds,NYJ,WR,NA,2108,,,,
33445,Tutu Atwell,MIA,WR,,2111,,,,
28457,Tyler Lockett,LV,WR,NA,2112,,,,
40074,Luke Musgrave,GB,TE,PUP,2114,,,,
29328,Nick Vannett,SEA,TE,,2115,,,,
41043,Spencer Rattler,NO,QB,,2116,,,,
31934,Alexander Mattison,MIA,RB,NA,2117,,,,
40630,Tyrell Shavers,BUF,WR,PUP,2118,,,,
27548,Brandin Cooks,NO,WR,NA,2119,,,,
40313,Mitch Tinsley,CIN,WR,,2120,,,,
30352,Noah Brown,LV,WR,NA,2121,,,,
31144,Marquez Valdes-Scantling,DAL,WR,,2122,,,,
41045,Bub Means,NO,WR,Q,2123,,,,
33470,Dyami Brown,WAS,WR,,2124,,,,
42291,CJ Dippre,NE,TE,,2125,,,,
42870,Carsen Ryan,CLE,TE,Q,2126,,,,
43087,RJ Maryland,GB,TE,NA,2127,,,,
42620,Carson Towt,IND,TE,IR,2128,,,,
42927,Evan Svoboda,LAC,TE,,2129,,,,
42004,Thomas Fidone II,NYG,TE,,2130,,,,
32442,Chris Myarick,LV,TE,,2131,,,,
32788,Albert Okwuegbunam Jr.,LV,TE,,2132,,,,